gamma,state,value,sample_variance,sample_std,stderr,ci_lower_95,ci_upper_95,ci_width_95,rank_within_gamma,num_time_steps,num_trajectories,method
0.0,Computer,2.64,6.091313131313132,2.468058575340774,0.2468058575340774,2.1562605192332085,3.1237394807667918,0.9674789615335835,1,10,100,monte_carlo
0.0,Coffee,2.1,0.35353535353535354,0.5945883900105632,0.05945883900105632,1.9834606755579296,2.2165393244420706,0.2330786488841408,2,10,100,monte_carlo
0.0,Home,1.0,0.0,0.0,0.0,1.0,1.0,0.0,3,10,100,monte_carlo
0.0,Chat,0.52,1.8278787878787879,1.3519906759585245,0.13519906759585246,0.2550098275121292,0.7849901724878708,0.5299803449757416,4,10,100,monte_carlo
0.05,Computer,2.61647633183918,7.778813569068912,2.7890524500390654,0.27890524500390657,2.0698220516315233,3.163130612046837,1.0933085604153137,1,10,100,monte_carlo
0.05,Coffee,2.1575845110479492,0.3617545705420491,0.6014603648970139,0.06014603648970139,2.0396982795281344,2.275470742567764,0.23577246303962945,2,10,100,monte_carlo
0.05,Home,1.0780277859418164,0.0011248266708681891,0.033538435724824574,0.0033538435724824573,1.0714542525397508,1.084601319343882,0.013147066804131233,3,10,100,monte_carlo
0.05,Chat,0.49366137325871096,2.0093611369328452,1.4175193603379268,0.14175193603379269,0.2158275786324773,0.7714951678849447,0.5556675892524673,4,10,100,monte_carlo
0.1,Computer,3.42106283524,6.321510890178307,2.5142614999594426,0.25142614999594426,2.9282675812479493,3.9138580892320505,0.9855905079841015,1,10,100,monte_carlo
0.1,Coffee,2.30547250556,0.33569620563234553,0.5793929630504202,0.05793929630504202,2.1919114848021177,2.4190335263178824,0.2271220415157647,2,10,100,monte_carlo
0.1,Home,1.15258483418,0.00391297232065811,0.0625537554480793,0.00625537554480793,1.1403242981121764,1.1648453702478236,0.024521072135647085,3,10,100,monte_carlo
0.1,Chat,0.71301115434,2.228770109543591,1.4929065977292721,0.14929065977292721,0.4204014611850626,1.0056208474949373,0.5852193863098747,4,10,100,monte_carlo
0.15000000000000002,Computer,3.373402524416816,7.593081261948288,2.7555546196633967,0.2755554619663397,2.8333138189627904,3.913491229870842,1.0801774109080515,1,10,100,monte_carlo
0.15000000000000002,Coffee,2.3524252967397654,0.5608797851578223,0.7489190778434092,0.07489190778434092,2.205637157482457,2.4992134359970737,0.2935762785146164,2,10,100,monte_carlo
0.15000000000000002,Home,1.23801722605375,0.008445334351881694,0.09189850027003539,0.00918985002700354,1.220005120000823,1.256029332106677,0.036024212105853874,3,10,100,monte_carlo
0.15000000000000002,Chat,0.6713907469596291,2.506528846360227,1.5832020863933407,0.15832020863933408,0.3610831380265343,0.9816983558927239,0.6206152178661896,4,10,100,monte_carlo
0.2,Computer,3.53274948096,5.676164850923548,2.3824703252975783,0.23824703252975782,3.065785297201675,3.9997136647183256,0.9339283675166506,1,10,100,monte_carlo
0.2,Coffee,2.3925677568,0.5843782913119521,0.7644463953162132,0.07644463953162131,2.2427362633180223,2.542399250281978,0.29966298696395555,2,10,100,monte_carlo
0.2,Home,1.36225734656,0.023469863255582243,0.15319877041145677,0.015319877041145676,1.3322303875593546,1.3922843055606455,0.06005391800129105,3,10,100,monte_carlo
0.2,Chat,0.38037392384,2.578459230434325,1.6057581481762204,0.16057581481762204,0.06564532679746082,0.6951025208825392,0.6294571940850784,4,10,100,monte_carlo
0.25,Computer,3.612604751586914,8.569485397045824,2.927368339831157,0.2927368339831157,3.0388405569800074,4.186368946193821,1.1475283892138135,1,10,100,monte_carlo
0.25,Coffee,2.4637926864624022,0.7619147490131634,0.8728772817602503,0.08728772817602502,2.2927087392373933,2.634876633687411,0.3421678944500181,2,10,100,monte_carlo
0.25,Home,1.4853012466430664,0.03070469098826935,0.17522754061011458,0.017522754061011458,1.450956648683484,1.5196458446026488,0.06868919591916492,3,10,100,monte_carlo
0.25,Chat,0.8293509674072266,3.1143989172578856,1.7647659667100013,0.17647659667100013,0.48345683793206634,1.1752450968823869,0.6917882589503205,4,10,100,monte_carlo
0.30000000000000004,Computer,3.97142059983,7.0577244593390756,2.656637811094895,0.2656637811094895,3.4507195888554008,4.4921216108046,1.0414020219491988,1,10,100,monte_carlo
0.30000000000000004,Coffee,2.5440005486,0.881383204418907,0.9388201129177555,0.09388201129177555,2.3599918064681202,2.72800929073188,0.36801748426376013,2,10,100,monte_carlo
0.30000000000000004,Home,1.58471429548,0.05238239753941353,0.22887201126265644,0.022887201126265643,1.5398553812725193,1.6295732096874807,0.08971782841496131,3,10,100,monte_carlo
0.30000000000000004,Chat,0.94862213584,3.3936306382283856,1.8421809461147907,0.18421809461147906,0.5875546704015011,1.3096896012784989,0.7221349308769979,4,10,100,monte_carlo
0.35000000000000003,Computer,3.7327231528666993,8.833734332069758,2.9721598765998034,0.29721598765998036,3.1501798170531377,4.315266488680261,1.165086671627123,1,10,100,monte_carlo
0.35000000000000003,Coffee,2.7311330026338476,1.3107930604621094,1.1448987118789633,0.11448987118789633,2.5067328551055708,2.9555331501621245,0.4488002950565536,2,10,100,monte_carlo
0.35000000000000003,Home,1.7530865896652932,0.077068395837083,0.27761195189883847,0.027761195189883847,1.6986746470931209,1.8074985322374655,0.10882388514434468,3,10,100,monte_carlo
0.35000000000000003,Chat,1.0431417375387695,3.34974592409713,1.8302311122088188,0.18302311122088188,0.684416439545841,1.401867035531698,0.7174505959858569,4,10,100,monte_carlo
0.4,Computer,3.9884090368,9.124724688597373,3.020715923187312,0.3020715923187312,3.3963487158552867,4.580469357744713,1.1841206418894263,1,10,100,monte_carlo
0.4,Coffee,2.7970406553600005,1.5428851408037965,1.2421292770093604,0.12421292770093603,2.553583317066166,3.040497993653835,0.48691467658766924,2,10,100,monte_carlo
0.4,Home,1.9627624960000003,0.18452558028997945,0.42956440761541154,0.042956440761541155,1.8785678721073795,2.046957119892621,0.16838924778524134,3,10,100,monte_carlo
0.4,Chat,1.1323689472,4.060467992588457,2.01506029502555,0.20150602950255497,0.7374171293749923,1.5273207650250078,0.7899036356500155,4,10,100,monte_carlo
0.45,Computer,4.2024880304144725,10.91022723884983,3.3030633113595975,0.33030633113595975,3.555087621387991,4.849888439440954,1.2948008180529622,1,10,100,monte_carlo
0.45,Coffee,3.169498722390586,1.805341379592118,1.3436299265765548,0.13436299265765547,2.906147256781581,3.4328501879995907,0.5267029312180095,2,10,100,monte_carlo
0.45,Home,2.2096843653042577,0.2987049746725894,0.5465390879640626,0.05465390879640626,2.1025627040633013,2.316806026545214,0.21424332248191255,3,10,100,monte_carlo
0.45,Chat,1.517452182421133,5.11349541708861,2.2613039196641855,0.22613039196641854,1.0742366141669526,1.9606677506753132,0.8864311365083607,4,10,100,monte_carlo
0.5,Computer,4.546953125,11.17054909754281,3.3422371396330948,0.33422371396330947,3.8918746456319133,5.202031604368086,1.310156958736173,1,10,100,monte_carlo
0.5,Coffee,3.32912109375,3.1432516306096856,1.7729217779162412,0.17729217779162412,2.9816284252784166,3.6766137622215833,0.6949853369431666,2,10,100,monte_carlo
0.5,Home,2.3798046875,0.5000673097552675,0.7071543747692348,0.07071543747692348,2.24120243004523,2.51840694495477,0.27720451490954,3,10,100,monte_carlo
0.5,Chat,1.9532421875,5.131710000086312,2.2653277908696374,0.22653277908696373,1.509237940489551,2.397246434510449,0.8880084940208978,4,10,100,monte_carlo
0.55,Computer,5.122163587359219,12.452312767836727,3.528783468539367,0.3528783468539367,4.430522027525503,5.813805147192935,1.3832831196674318,1,10,100,monte_carlo
0.55,Coffee,3.577584558290176,2.7422121981881222,1.6559626198039985,0.16559626198039984,3.2530158848085926,3.9021532317717598,0.6491373469631674,2,10,100,monte_carlo
0.55,Home,2.6718187348755666,0.5798153308485395,0.761456059696513,0.0761456059696513,2.52257334717505,2.8210641225760833,0.2984907754010331,3,10,100,monte_carlo
0.55,Chat,2.2101101970021877,6.101173177206803,2.4700552984107063,0.24700552984107063,1.7259793585136893,2.6942410354906863,0.9682616769769968,4,10,100,monte_carlo
0.6000000000000001,Computer,4.730120304640001,17.072139277656674,4.131844536966108,0.41318445369661083,3.9202787753946433,5.539961833885358,1.6196830584907145,1,10,100,monte_carlo
0.6000000000000001,Coffee,3.9172541952000013,2.797400316773681,1.6725430687350569,0.16725430687350568,3.5894357537279302,4.245072636672073,0.6556368829441422,2,10,100,monte_carlo
0.6000000000000001,Home,2.9221130752000004,0.9330831792071709,0.965962307342875,0.0965962307342875,2.732784462960797,3.111441687439204,0.378657224478407,3,10,100,monte_carlo
0.6000000000000001,Chat,2.221311016960001,6.439414517254431,2.537600149206811,0.2537600149206811,1.723941387715466,2.718680646204536,0.99473925848907,4,10,100,monte_carlo
0.65,Computer,6.4392899035537505,13.79309549687478,3.713905693050751,0.3713905693050751,5.711364387715803,7.167215419391698,1.4558510316758944,1,10,100,monte_carlo
0.65,Coffee,4.664918458834785,6.639849506286221,2.5767905437357963,0.25767905437357963,4.1598675122625695,5.169969405407001,1.010101893144432,2,10,100,monte_carlo
0.65,Home,3.5079898418237305,1.6124329071040147,1.2698160918432302,0.12698160918432302,3.2591058878224572,3.756873795825004,0.4977679080025462,3,10,100,monte_carlo
0.65,Chat,2.6587283599454103,7.5862629811533235,2.75431715333462,0.275431715333462,2.118882197891825,3.198574521998996,1.079692324107171,4,10,100,monte_carlo
0.7000000000000001,Computer,6.619917674210002,17.079468755023107,4.132731391588752,0.4132731391588752,5.8099023214586065,7.429933026961397,1.6200307055027907,1,10,100,monte_carlo
0.7000000000000001,Coffee,4.980292705400001,7.632212772085576,2.762645972991396,0.2762645972991396,4.438814094693687,5.521771316106315,1.0829572214126273,2,10,100,monte_carlo
0.7000000000000001,Home,4.211374926550001,2.054756726485436,1.433442264789704,0.1433442264789704,3.9304202426512194,4.492329610448783,0.561909367797564,3,10,100,monte_carlo
0.7000000000000001,Chat,3.785517254960001,11.831328664699083,3.4396698482120462,0.34396698482120464,3.11134196471044,4.459692545209562,1.348350580499122,4,10,100,monte_carlo
0.75,Computer,7.785266036987305,16.470367423762184,4.058370045198218,0.40583700451982174,6.989825508128455,8.580706565846155,1.5908810577177013,1,10,100,monte_carlo
0.75,Coffee,6.120374565124512,11.521202082618865,3.3942896285701467,0.3394289628570147,5.4550937979247625,6.785655332324261,1.3305615343994974,2,10,100,monte_carlo
0.75,Home,5.036506614685059,2.810610308470773,1.6764874912956473,0.16764874912956473,4.707915066391112,5.365098162979005,0.6571830965878938,3,10,100,monte_carlo
0.75,Chat,4.71050350189209,12.70138363029293,3.5639000589653085,0.35639000589653086,4.011979090334889,5.4090279134492905,1.397048823114401,4,10,100,monte_carlo
0.8,Computer,8.844999106560001,24.39236683235701,4.938862908844202,0.4938862908844202,7.876981976426538,9.813016236693464,1.9360342602669272,1,10,100,monte_carlo
0.8,Coffee,7.151058954240001,11.797338095409875,3.4347253304172485,0.34347253304172487,6.47785278947822,7.824265119001781,1.3464123295235615,2,10,100,monte_carlo
0.8,Home,5.984230543360002,6.088035932680785,2.4673945636401133,0.24673945636401134,5.500621208886539,6.467839877833464,0.9672186689469244,3,10,100,monte_carlo
0.8,Chat,5.097877857280001,12.460651987546882,3.5299648705825506,0.35299648705825504,4.4060047426458215,5.789750971914181,1.3837462292683598,4,10,100,monte_carlo
0.8500000000000001,Computer,8.595042789154123,27.989079601793623,5.290470640859244,0.5290470640859244,7.558110543545711,9.631975034762535,2.0738644912168236,1,10,100,monte_carlo
0.8500000000000001,Home,7.580858141860179,10.029557415786416,3.1669476496756963,0.31669476496756965,6.960136402523743,8.201579881196615,1.241443478672873,2,10,100,monte_carlo
0.8500000000000001,Coffee,7.347078898353889,17.031548834169133,4.126929710349951,0.4126929710349951,6.538200675125299,8.15595712158248,1.6177564464571808,3,10,100,monte_carlo
0.8500000000000001,Chat,5.9841478812473845,20.14256747304912,4.48804717812203,0.448804717812203,5.104490634335467,6.863805128159302,1.7593144938238356,4,10,100,monte_carlo
0.9,Computer,11.203868493250003,38.401854691037705,6.196923001864531,0.619692300186453,9.989271584884555,12.41846540161545,2.429193816730896,1,10,100,monte_carlo
0.9,Coffee,9.746591852590003,28.092045346978274,5.300192953749729,0.5300192953749729,8.707754033655055,10.78542967152495,2.077675637869894,2,10,100,monte_carlo
0.9,Home,8.880845502790002,20.807968277365173,4.5615751969429565,0.45615751969429563,7.986776764189183,9.774914241390821,1.7881374772016387,3,10,100,monte_carlo
0.9,Chat,8.785185363270001,23.34505838112933,4.831672420718248,0.4831672420718248,7.838177568809225,9.732193157730778,1.8940155889215533,4,10,100,monte_carlo
0.9500000000000001,Computer,14.350935219634339,40.904265478016356,6.39564425824454,0.639564425824454,13.097388945018409,15.604481494250269,2.5070925492318596,1,10,100,monte_carlo
0.9500000000000001,Coffee,12.725042549637443,36.87872943795715,6.072785970043498,0.6072785970043497,11.534776499508919,13.915308599765968,2.3805321002570508,2,10,100,monte_carlo
0.9500000000000001,Chat,12.258836528504965,43.03686984350359,6.560249221142715,0.6560249221142714,10.973027681160993,13.544645375848937,2.571617694687944,3,10,100,monte_carlo
0.9500000000000001,Home,10.673360627997365,28.628722929635963,5.3505815506013885,0.5350581550601389,9.624646644079492,11.722074611915238,2.097427967835744,4,10,100,monte_carlo
1.0,Computer,17.58,82.97333333333334,9.108969938106798,0.9108969938106798,15.794641892131066,19.365358107868932,3.570716215737865,1,10,100,monte_carlo
1.0,Chat,14.59,68.6079797979798,8.282993408060868,0.8282993408060868,12.96653329202007,16.21346670797993,3.24693341595986,2,10,100,monte_carlo
1.0,Home,14.27,40.663737373737376,6.37681247754216,0.637681247754216,13.020144754401736,15.519855245598263,2.4997104911965264,3,10,100,monte_carlo
1.0,Coffee,14.12,67.11676767676768,8.192482387943699,0.8192482387943698,12.514273451963035,15.725726548036963,3.21145309607393,4,10,100,monte_carlo
0.0,Computer,2.68,6.886464646464646,2.624207432057277,0.26242074320572767,2.165655343316774,3.1943446566832265,1.0286893133664525,1,20,100,monte_carlo
0.0,Coffee,2.03,0.292020202020202,0.5403889358787817,0.05403889358787817,1.9240837685677585,2.135916231432241,0.2118324628644824,2,20,100,monte_carlo
0.0,Home,1.0,0.0,0.0,0.0,1.0,1.0,0.0,3,20,100,monte_carlo
0.0,Chat,0.35,1.8257575757575757,1.3512059708858513,0.13512059708858512,0.08516362970637315,0.6148363702936268,0.5296727405872537,4,20,100,monte_carlo
0.05,Computer,2.913973879461526,6.504956567879944,2.550481634491796,0.2550481634491796,2.4140794791011344,3.413868279821918,0.9997888007207839,1,20,100,monte_carlo
0.05,Coffee,2.1760495828508577,0.30233976348043456,0.5498543111410826,0.054985431114108266,2.0682781378672055,2.28382102783451,0.2155428899673044,2,20,100,monte_carlo
0.05,Home,1.0779196390812422,0.0010519671533166795,0.03243404312318585,0.003243404312318585,1.0715625666290978,1.0842767115333867,0.012714144904288854,3,20,100,monte_carlo
0.05,Chat,0.2989797933514751,1.8977064280800977,1.377572658003961,0.1377572658003961,0.028975552382698777,0.5689840343202515,0.5400084819375527,4,20,100,monte_carlo
0.1,Computer,3.6400888205357615,5.402102781629235,2.324242410255272,0.2324242410255272,3.184537308125728,4.095640332945795,0.9111030248200666,1,20,100,monte_carlo
0.1,Coffee,2.2294733352042773,0.3397035600659422,0.5828409389069562,0.058284093890695624,2.1152365111785136,2.343710159230041,0.22847364805152684,2,20,100,monte_carlo
0.1,Home,1.14900313534341,0.003521604317122558,0.05934310673635614,0.005934310673635614,1.1373718864230842,1.1606343842637359,0.023262497840651607,3,20,100,monte_carlo
0.1,Chat,0.4831429806218952,2.1785730770984606,1.47599900985687,0.147599900985687,0.19384717468994866,0.7724387865538418,0.5785916118638931,4,20,100,monte_carlo
0.15000000000000002,Computer,2.971357819747628,7.157653724753589,2.6753791740150756,0.26753791740150756,2.446983501640673,3.4957321378545827,1.0487486362139096,1,20,100,monte_carlo
0.15000000000000002,Coffee,2.279113313577631,0.45352493120970844,0.6734425968185472,0.06734425968185473,2.147118564601196,2.4111080625540664,0.2639894979528705,2,20,100,monte_carlo
0.15000000000000002,Home,1.2597101727053612,0.011674688266823382,0.10804947138613581,0.010804947138613581,1.2385324763136787,1.2808878690970438,0.04235539278336524,3,20,100,monte_carlo
0.15000000000000002,Chat,0.662809431438848,2.509719439068894,1.5842094050563185,0.15842094050563185,0.35230438804780956,0.9733144748298863,0.6210100867820768,4,20,100,monte_carlo
0.2,Computer,3.221674217263295,6.896647321963436,2.6261468584150878,0.26261468584150877,2.706949433013938,3.7363990015126523,1.0294495684987144,1,20,100,monte_carlo
0.2,Coffee,2.3592510649255445,0.6224627225560667,0.7889630679290804,0.07889630679290804,2.2046143036114447,2.5138878262396442,0.3092735226281995,2,20,100,monte_carlo
0.2,Home,1.368198770239668,0.024948380849715224,0.15795056457548742,0.015795056457548744,1.3372404595828726,1.3991570808964635,0.061916621313591075,3,20,100,monte_carlo
0.2,Chat,0.5635004534805171,2.725551534914348,1.6509244485785375,0.16509244485785374,0.2399192615591238,0.8870816454019105,0.6471623838427867,4,20,100,monte_carlo
0.25,Computer,3.5451337760244495,7.328168423631837,2.707058998919646,0.2707058998919646,3.014550212236199,4.0757173398127,1.0611671275765011,1,20,100,monte_carlo
0.25,Coffee,2.388319155058489,0.5238982020734565,0.7238081251778378,0.07238081251778378,2.246452762523633,2.530185547593345,0.2837327850697124,2,20,100,monte_carlo
0.25,Home,1.4774868536974464,0.042763122813767075,0.20679246314546154,0.020679246314546155,1.4369555309209359,1.5180181764739569,0.08106264555302092,3,20,100,monte_carlo
0.25,Chat,0.6583572951543101,2.963416842379606,1.721457766655809,0.1721457766655809,0.3209515728897715,0.9957630174188487,0.6748114445290772,4,20,100,monte_carlo
0.30000000000000004,Computer,3.8277400833107316,8.381293977824324,2.8950464552100583,0.28950464552100585,3.26031097808956,4.395169188531903,1.134858210442343,1,20,100,monte_carlo
0.30000000000000004,Coffee,2.42336301302348,0.6473307398806778,0.8045686669767086,0.08045686669767085,2.2656675542960447,2.581058471750915,0.31539091745486975,2,20,100,monte_carlo
0.30000000000000004,Home,1.6475112546069353,0.09503646960177162,0.30827985597792734,0.030827985597792734,1.5870884028352614,1.707934106378609,0.12084570354334752,3,20,100,monte_carlo
0.30000000000000004,Chat,1.0824990958065102,3.2026614667503455,1.7895981299583283,0.17895981299583283,0.7317378623346777,1.4332603292783426,0.7015224669436647,4,20,100,monte_carlo
0.35000000000000003,Computer,3.440120522172322,9.278495186795194,3.0460622427644504,0.304606224276445,2.84309232259049,4.037148721754154,1.1940563991636644,1,20,100,monte_carlo
0.35000000000000003,Coffee,2.7276710908981054,1.1689370442211429,1.081173919506544,0.1081173919506544,2.515761002674823,2.939581179121388,0.4238201764465652,2,20,100,monte_carlo
0.35000000000000003,Home,1.7929912092607672,0.10096564954126583,0.3177509237457317,0.03177509237457317,1.7307120282066037,1.8552703903149306,0.12455836210832683,3,20,100,monte_carlo
0.35000000000000003,Chat,1.1106766630089886,3.7583780951777226,1.9386536810832724,0.19386536810832725,0.7307005415166672,1.49065278450131,0.7599522429846428,4,20,100,monte_carlo
0.4,Computer,3.843238409051351,8.29680997840128,2.8804183686404445,0.28804183686404444,3.278676408797824,4.407800409304878,1.1291240005070542,1,20,100,monte_carlo
0.4,Coffee,3.016520789377316,1.7001579264292594,1.3039010416551018,0.13039010416551017,2.760956185212916,3.272085393541716,0.5111292083287998,2,20,100,monte_carlo
0.4,Home,1.9679672510453157,0.1768795280598447,0.42057047930144204,0.042057047930144205,1.885535437102233,2.0503990649883983,0.1648636278861653,3,20,100,monte_carlo
0.4,Chat,1.4903672533565882,4.491682052883284,2.1193588777937737,0.21193588777937739,1.0749729133090085,1.9057615934041678,0.8307886800951594,4,20,100,monte_carlo
0.45,Computer,4.0012814875035145,9.977979458464267,3.158793987974567,0.3158793987974567,3.382157865860499,4.62040510914653,1.2382472432860303,1,20,100,monte_carlo
0.45,Coffee,3.219804282357911,1.9058680755700637,1.3805318089671326,0.13805318089671326,2.9492200478003534,3.490388516915469,0.541168469115116,2,20,100,monte_carlo
0.45,Home,2.146363008812063,0.20899954471167445,0.4571646800789344,0.04571646800789344,2.056758731516592,2.235967286107534,0.1792085545909423,3,20,100,monte_carlo
0.45,Chat,1.4734069450719742,4.993071170092314,2.2345181069063447,0.22345181069063447,1.0354413961183306,1.9113724940256178,0.8759310979072871,4,20,100,monte_carlo
0.5,Computer,5.2047952461242675,9.335542440371999,3.0554119919205656,0.3055411991920566,4.605934495707837,5.803655996540698,1.1977215008328617,1,20,100,monte_carlo
0.5,Coffee,3.3240356826782227,2.702055578467974,1.643793046118633,0.1643793046118633,3.001852245638971,3.6462191197174745,0.644366874078504,2,20,100,monte_carlo
0.5,Home,2.335795421600342,0.3274761162305584,0.5722552893862655,0.05722552893862655,2.2236333848806336,2.44795745832005,0.22432407343941607,3,20,100,monte_carlo
0.5,Chat,1.7478320121765136,5.317622424639784,2.3059970565115178,0.2305997056511518,1.2958565891002563,2.199807435252771,0.903950846152515,4,20,100,monte_carlo
0.55,Computer,4.629559117873769,11.9114644700871,3.4512989540297867,0.34512989540297867,3.9531045228839305,5.306013712863607,1.3529091899796764,1,20,100,monte_carlo
0.55,Coffee,3.885666076383806,3.553468101925951,1.8850644821665785,0.18850644821665785,3.5161934378791564,4.255138714888456,0.7389452770092988,2,20,100,monte_carlo
0.55,Home,2.906631119835123,0.6572013408788024,0.8106795549900111,0.08106795549900112,2.7477379270570808,3.0655243126131655,0.31778638555608435,3,20,100,monte_carlo
0.55,Chat,1.8137061515809298,5.635739314417844,2.3739712117921403,0.23739712117921402,1.3484077940696704,2.2790045090921893,0.930596715022519,4,20,100,monte_carlo
0.6000000000000001,Computer,5.6567618806682605,12.713928473679205,3.5656596127055096,0.35656596127055096,4.957892596577981,6.35563116475854,1.3977385681805596,1,20,100,monte_carlo
0.6000000000000001,Coffee,3.843551477580826,3.509897193904943,1.873471962401611,0.1873471962401611,3.4763509729501103,4.210751982211542,0.7344010092614315,2,20,100,monte_carlo
0.6000000000000001,Home,2.916720015329389,0.687864784657507,0.8293761418424737,0.08293761418424736,2.754162291528264,3.079277739130514,0.32511544760224964,3,20,100,monte_carlo
0.6000000000000001,Chat,2.8298670559591494,9.231212752601056,3.0382910908273844,0.3038291090827384,2.234362002156982,3.425372109761317,1.1910101076043345,4,20,100,monte_carlo
0.65,Computer,5.972406226594252,14.083255927166258,3.752766436532689,0.3752766436532689,5.236864005033845,6.707948448154659,1.471084443120814,1,20,100,monte_carlo
0.65,Coffee,4.597945696474253,6.664360591011536,2.581542289216184,0.25815422892161843,4.091963407787881,5.103927985160625,1.0119645773727441,2,20,100,monte_carlo
0.65,Home,3.547790783480746,1.2048851479011662,1.0976726050608925,0.10976726050608925,3.332646952888811,3.762934614072681,0.43028766118386985,3,20,100,monte_carlo
0.65,Chat,3.009577487960099,10.18460419151792,3.1913326670088655,0.31913326670088654,2.3840762852263615,3.635078690693837,1.2510024054674753,4,20,100,monte_carlo
0.7000000000000001,Computer,6.4827998227926455,16.751807913356124,4.092897251746753,0.4092897251746753,5.680591961450282,7.285007684135009,1.6044157226847273,1,20,100,monte_carlo
0.7000000000000001,Coffee,5.060395612934304,7.809093817342913,2.79447558896887,0.279447558896887,4.512678397496406,5.608112828372202,1.095434430875797,2,20,100,monte_carlo
0.7000000000000001,Chat,4.351807420976702,12.963374356035818,3.6004686300585673,0.36004686300585675,3.6461155694852234,5.057499272468181,1.4113837029829583,3,20,100,monte_carlo
0.7000000000000001,Home,4.27213812760434,2.1170320959535016,1.4550024384699503,0.14550024384699503,3.9869576496642303,4.557318605544451,0.5703609558802205,4,20,100,monte_carlo
0.75,Computer,7.455518975278755,18.588032987353166,4.311384115032337,0.4311384115032337,6.610487688732417,8.300550261825093,1.690062573092676,1,20,100,monte_carlo
0.75,Coffee,6.351697248984965,8.807953232902031,2.9678196092252693,0.29678196092252696,5.770004605576812,6.933389892393118,1.1633852868163057,2,20,100,monte_carlo
0.75,Home,5.417473029419089,3.4573505394214465,1.859395207969905,0.1859395207969905,5.053031568656987,5.78191449018119,0.7288829215242028,3,20,100,monte_carlo
0.75,Chat,4.915238085701713,13.55585106922457,3.681827137336104,0.3681827137336104,4.193599966783837,5.636876204619589,1.4432762378357527,4,20,100,monte_carlo
0.8,Computer,9.691817695971322,21.34815348250442,4.620406203193007,0.4620406203193007,8.786218080145492,10.597417311797152,1.8111992316516587,1,20,100,monte_carlo
0.8,Coffee,7.296056719260787,14.522912046915172,3.8108938645566046,0.3810893864556605,6.549121521807693,8.042991916713882,1.4938703949061891,2,20,100,monte_carlo
0.8,Chat,6.966799793393767,14.336231688520556,3.7863216567693447,0.3786321656769345,6.224680748666975,7.7089188381205584,1.4842380894535832,3,20,100,monte_carlo
0.8,Home,6.702340715574032,5.799005507168963,2.408112436571217,0.2408112436571217,6.230350678006074,7.174330753141991,0.9439800751359171,4,20,100,monte_carlo
0.8500000000000001,Computer,11.945861018842782,30.32061196709528,5.506415528008696,0.5506415528008696,10.866603575353079,13.025118462332486,2.158514886979409,1,20,100,monte_carlo
0.8500000000000001,Coffee,9.844113840425159,17.37217904219793,4.16799460678609,0.416799460678609,9.027186897495085,10.661040783355233,1.6338538858601472,2,20,100,monte_carlo
0.8500000000000001,Home,8.811865820248205,11.819367520672714,3.437930703297074,0.3437930703297074,8.138031402401978,9.48570023809443,1.347668835692453,3,20,100,monte_carlo
0.8500000000000001,Chat,8.272532023587797,20.943193791119025,4.576373432218904,0.45763734322189037,7.375562830872892,9.169501216302702,1.7939383854298103,4,20,100,monte_carlo
0.9,Computer,14.914575818948668,41.19859794702357,6.418613397535606,0.6418613397535606,13.65652759303169,16.172624044865646,2.5160964518339575,1,20,100,monte_carlo
0.9,Coffee,12.826569286304522,38.42181953854115,6.198533660353967,0.6198533660353968,11.611656688875145,14.0414818837339,2.429825194858755,2,20,100,monte_carlo
0.9,Home,12.547327066687807,20.676995460119798,4.547196439578985,0.45471964395789854,11.656076564530325,13.438577568845288,1.7825010043149623,3,20,100,monte_carlo
0.9,Chat,12.357016595874255,31.415934786397685,5.604991952393659,0.5604991952393659,11.258438173205098,13.455595018543411,2.197156845338314,4,20,100,monte_carlo
0.9500000000000001,Computer,20.84976674647164,73.06090478446883,8.547567185139222,0.8547567185139222,19.174443578184352,22.52508991475893,3.350646336574575,1,20,100,monte_carlo
0.9500000000000001,Coffee,20.437016077666303,79.95230607925689,8.941605341282788,0.8941605341282788,18.684461430774878,22.18957072455773,3.5051092937828527,2,20,100,monte_carlo
0.9500000000000001,Home,19.41333485058398,40.53394055306043,6.366627093921901,0.63666270939219,18.165475940175288,20.66119376099267,2.495717820817385,3,20,100,monte_carlo
0.9500000000000001,Chat,17.82520755436538,69.63383142700084,8.344688815468245,0.8344688815468245,16.189648546533604,19.460766562197158,3.271118015663552,4,20,100,monte_carlo
1.0,Computer,32.04,173.89737373737373,13.187015346065754,1.3187015346065754,29.455344992171113,34.624655007828885,5.169310015657775,1,20,100,monte_carlo
1.0,Home,30.22,114.37535353535354,10.694641346737793,1.0694641346737792,28.123850296039393,32.316149703960605,4.192299407921214,2,20,100,monte_carlo
1.0,Coffee,29.44,110.99636363636363,10.535481177258285,1.0535481177258286,27.375045689257377,31.504954310742626,4.129908621485248,3,20,100,monte_carlo
1.0,Chat,28.56,122.43070707070706,11.0648410323288,1.10648410323288,26.391291157663552,30.728708842336445,4.337417684672889,4,20,100,monte_carlo
0.0,Computer,3.23,5.552626262626263,2.3564011251538357,0.23564011251538358,2.768145379469848,3.691854620530152,0.9237092410603036,1,50,100,monte_carlo
0.0,Coffee,2.17,0.3243434343434343,0.5695115752497348,0.056951157524973484,2.058375731251052,2.281624268748948,0.22324853749789605,2,50,100,monte_carlo
0.0,Home,1.0,0.0,0.0,0.0,1.0,1.0,0.0,3,50,100,monte_carlo
0.0,Chat,0.52,1.8884848484848487,1.3742215427233153,0.13742215427233154,0.2506525776262302,0.7893474223737698,0.5386948447475396,4,50,100,monte_carlo
0.05,Computer,3.3085382025611008,5.658433194603982,2.378746139167436,0.23787461391674358,2.8423039592842834,3.774772445837918,0.9324684865536348,1,50,100,monte_carlo
0.05,Coffee,2.146003847603752,0.3281316625350923,0.5728277773773652,0.057282777737736525,2.0337296032377883,2.2582780919697156,0.22454848873192718,2,50,100,monte_carlo
0.05,Home,1.072159293644923,0.0007789882639252322,0.02791036122885607,0.0027910361228856073,1.0666888628440672,1.0776297244457786,0.01094086160171158,3,50,100,monte_carlo
0.05,Chat,0.4543123245433939,2.127317911770947,1.4585327942048292,0.14585327942048293,0.16843989687924732,0.7401847522075404,0.5717448553282931,4,50,100,monte_carlo
0.1,Computer,3.36382086778134,5.052045052165888,2.247675477502455,0.2247675477502455,2.923276474190859,3.8043652613718213,0.8810887871809623,1,50,100,monte_carlo
0.1,Coffee,2.2754518818440648,0.36145084971523805,0.6012078257268763,0.060120782572687624,2.157615148001597,2.3932886156865325,0.2356734676849355,2,50,100,monte_carlo
0.1,Home,1.160266307977119,0.004648948331080814,0.06818319683822997,0.006818319683822997,1.1469024013968259,1.173630214557412,0.026727813160586148,3,50,100,monte_carlo
0.1,Chat,0.2931201632883365,1.994960836648503,1.4124308254383657,0.14124308254383658,0.016283721502416804,0.5699566050742562,0.5536728835718394,4,50,100,monte_carlo
0.15000000000000002,Computer,2.823761287578041,8.07714057454921,2.842031065021846,0.2842031065021846,2.266723198833759,3.380799376322323,1.1140761774885637,1,50,100,monte_carlo
0.15000000000000002,Coffee,2.33468408430886,0.5081788006060929,0.7128666078629948,0.07128666078629949,2.194962229167713,2.474405939450007,0.279443710282294,2,50,100,monte_carlo
0.15000000000000002,Home,1.23109011365008,0.0063726257584747455,0.0798287276516089,0.00798287276516089,1.2154436830303648,1.2467365442697953,0.03129286123943069,3,50,100,monte_carlo
0.15000000000000002,Chat,0.5183374085269558,2.3072122782257196,1.5189510453683883,0.15189510453683883,0.22062300363475168,0.8160518134191599,0.5954288097844082,4,50,100,monte_carlo
0.2,Computer,3.292464707660363,10.421338512459798,3.2282097999448234,0.32282097999448234,2.659735586871178,3.9251938284495482,1.2654582415783708,1,50,100,monte_carlo
0.2,Coffee,2.22841544901651,0.38834765624882356,0.6231754618474828,0.06231754618474829,2.106273058494403,2.3505578395386166,0.24428478104421328,2,50,100,monte_carlo
0.2,Home,1.3546661247521692,0.019984533226208846,0.14136666235788709,0.014136666235788709,1.3269582589300233,1.382373990574315,0.05541573164429174,3,50,100,monte_carlo
0.2,Chat,0.5577156803666621,2.747489233959516,1.6575551978620549,0.16575551978620548,0.23283486158569933,0.8825964991476248,0.6497616375619255,4,50,100,monte_carlo
0.25,Computer,3.4038421974758406,9.023339655695064,3.0038874239383646,0.30038874239383645,2.8150802623839213,3.99260413256776,1.1775238701838389,1,50,100,monte_carlo
0.25,Coffee,2.358832739944036,0.6845296697545313,0.8273630821800858,0.08273630821800858,2.196669575836739,2.5209959040513326,0.3243263282145936,2,50,100,monte_carlo
0.25,Home,1.5098223129373038,0.043078857183345316,0.20755446799176672,0.020755446799176673,1.4691416372109176,1.55050298866369,0.08136135145277255,3,50,100,monte_carlo
0.25,Chat,0.7146409204676982,3.2023109946484287,1.7895002080604598,0.178950020806046,0.36389887968784806,1.0653829612475483,0.7014840815597003,4,50,100,monte_carlo
0.30000000000000004,Computer,3.865178367556834,8.418733940607973,2.901505461068094,0.2901505461068094,3.296483297187488,4.433873437926181,1.1373901407386928,1,50,100,monte_carlo
0.30000000000000004,Coffee,2.577901039735051,1.0482127357710491,1.0238226095232754,0.10238226095232754,2.377231808268489,2.778570271201613,0.4013384629331239,2,50,100,monte_carlo
0.30000000000000004,Home,1.6015754405893536,0.06796123935742403,0.2606937654747885,0.026069376547478852,1.550479462556295,1.6526714186224123,0.1021919560661171,3,50,100,monte_carlo
0.30000000000000004,Chat,0.6002928725974058,2.982011613397686,1.7268502000456456,0.17268502000456457,0.2618302333884593,0.9387555118063524,0.6769252784178931,4,50,100,monte_carlo
0.35000000000000003,Computer,4.11882062915655,8.162888743838465,2.8570769579831876,0.2857076957983188,3.5588335453918454,4.678807712921255,1.1199741675294097,1,50,100,monte_carlo
0.35000000000000003,Coffee,2.892881903017771,1.3738285653278843,1.1721043321001268,0.11721043321001268,2.6631494539261458,3.122614352109396,0.4594648981832497,2,50,100,monte_carlo
0.35000000000000003,Home,1.7131457618830461,0.05922235867923584,0.24335644367724443,0.024335644367724445,1.6654478989223063,1.760843624843786,0.09539572592147982,3,50,100,monte_carlo
0.35000000000000003,Chat,0.9621470757851682,4.080745861832686,2.0200856075505036,0.20200856075505036,0.5662102967052696,1.3580838548650669,0.7918735581597974,4,50,100,monte_carlo
0.4,Computer,3.7307508467124904,8.947693021159685,2.9912694664907216,0.29912694664907213,3.144462031280309,4.317039662144672,1.1725776308643627,1,50,100,monte_carlo
0.4,Coffee,2.7634983017803267,1.1366597004458927,1.066142439098028,0.10661424390980281,2.554534383717113,2.9724622198435404,0.41792783612642703,2,50,100,monte_carlo
0.4,Home,1.8739883120582008,0.09342722783867435,0.3056586786575417,0.03056586786575417,1.8140792110413226,1.933897413075079,0.11981820203375634,3,50,100,monte_carlo
0.4,Chat,1.4186805804390747,4.5314942047883955,2.128730655763757,0.2128730655763757,1.0014493719093784,1.835911788968771,0.8344624170593927,4,50,100,monte_carlo
0.45,Computer,3.9424383057541377,10.596687083630881,3.2552553023735147,0.3255255302373515,3.3044082664889287,4.580468345019346,1.2760600785304177,1,50,100,monte_carlo
0.45,Coffee,3.1364418037760187,1.9769998932746524,1.4060582823178605,0.14060582823178605,2.860854380441718,3.4120292271103194,0.5511748466686013,2,50,100,monte_carlo
0.45,Home,2.2227406328511483,0.29446559063094896,0.5426468378521605,0.05426468378521605,2.116381852632125,2.3290994130701717,0.21271756043804693,3,50,100,monte_carlo
0.45,Chat,1.3940919344279583,4.1967097994711375,2.048587269186045,0.2048587269186045,0.9925688296674935,1.7956150391884231,0.8030462095209295,4,50,100,monte_carlo
0.5,Computer,4.282414462624003,9.553193959386101,3.090824155364731,0.3090824155364731,3.676612928172516,4.88821599707549,1.2116030689029744,1,50,100,monte_carlo
0.5,Coffee,3.3416160991611448,2.615388822395023,1.617216380820768,0.1617216380820768,3.0246416885202745,3.658590509802015,0.633948821281741,2,50,100,monte_carlo
0.5,Home,2.441604759105058,0.516700081276841,0.7188185315341007,0.07188185315341007,2.3007163269243742,2.5824931912857414,0.28177686436136745,3,50,100,monte_carlo
0.5,Chat,1.5254728749581055,5.436105795116108,2.3315457952002805,0.23315457952002805,1.0684898990988505,1.9824558508173604,0.9139659517185099,4,50,100,monte_carlo
0.55,Computer,5.044593407629281,10.183399564332321,3.1911439272355486,0.31911439272355485,4.419129197891114,5.670057617367449,1.250928419476335,1,50,100,monte_carlo
0.55,Coffee,3.752309315323076,3.6528787887961474,1.9112505824187858,0.1911250582418786,3.377704201168994,4.126914429477158,0.7492102283081641,2,50,100,monte_carlo
0.55,Home,2.7323923161344514,0.5551972150546352,0.7451155716092874,0.07451155716092875,2.586349664099031,2.8784349681698718,0.2920853040708407,3,50,100,monte_carlo
0.55,Chat,1.8885039755500612,6.147601031955026,2.4794356277094645,0.24794356277094645,1.4025345925190063,2.3744733585811164,0.97193876606211,4,50,100,monte_carlo
0.6000000000000001,Computer,5.203423842791101,12.040212558815133,3.469900943660371,0.3469900943660371,4.523323257833668,5.883524427748534,1.3602011699148655,1,50,100,monte_carlo
0.6000000000000001,Coffee,3.713626888773336,3.929175954499374,1.9822149112796459,0.19822149112796458,3.3251127661625253,4.1021410113841466,0.7770282452216212,2,50,100,monte_carlo
0.6000000000000001,Home,2.931767374418092,0.5753565126146567,0.7585225854347758,0.07585225854347757,2.7830969476728757,3.080437801163308,0.2973408534904321,3,50,100,monte_carlo
0.6000000000000001,Chat,2.3726457018245064,9.149554913345307,3.0248231210015084,0.30248231210015086,1.7797803701082109,2.965511033540802,1.1857306634325913,4,50,100,monte_carlo
0.65,Computer,5.37923488841379,19.89499708415832,4.4603808227726836,0.4460380822772684,4.505000247150344,6.253469529677236,1.748469282526892,1,50,100,monte_carlo
0.65,Coffee,4.59085155560272,5.554679901394827,2.3568368423365302,0.23568368423365302,4.12891153450476,5.05279157670068,0.9238800421959198,2,50,100,monte_carlo
0.65,Chat,3.6932785105144457,9.235959288244844,3.0390721097474547,0.3039072109747455,3.0976203770039445,4.288936644024947,1.1913162670210022,3,50,100,monte_carlo
0.65,Home,3.439307725103551,1.0799612127220208,1.0392118228359515,0.10392118228359515,3.2356222078277046,3.642993242379397,0.407371034551693,4,50,100,monte_carlo
0.7000000000000001,Computer,6.250736979724651,17.21208622364767,4.148745138430134,0.4148745138430134,5.437582932592345,7.063891026856957,1.6263080942646124,1,50,100,monte_carlo
0.7000000000000001,Coffee,4.944081487545439,5.566280604988548,2.359296633530542,0.23592966335305418,4.481659347373453,5.406503627717425,0.9248442803439724,2,50,100,monte_carlo
0.7000000000000001,Home,4.171826172404467,2.0601118026565053,1.4353089572132216,0.14353089572132216,3.8905056167906755,4.453146728018258,0.5626411112275829,3,50,100,monte_carlo
0.7000000000000001,Chat,3.805049767100215,12.251728783255464,3.5002469603237234,0.35002469603237235,3.119001362876765,4.491098171323665,1.3720968084468996,4,50,100,monte_carlo
0.75,Computer,7.022443945719981,17.17894387684674,4.144748952210103,0.4144748952210103,6.210073151086801,7.834814740353162,1.6247415892663601,1,50,100,monte_carlo
0.75,Coffee,6.230690388918289,9.539700686160964,3.088640588699333,0.3088640588699333,5.625316833533219,6.836063944303358,1.2107471107701384,2,50,100,monte_carlo
0.75,Home,5.412082408980336,4.085912865677071,2.0213641101189737,0.20213641101189736,5.015895043397017,5.808269774563654,0.7923747311666376,3,50,100,monte_carlo
0.75,Chat,4.590101208719976,13.222584319457784,3.6362871613031036,0.36362871613031034,3.877388925104568,5.3028134923353845,1.4254245672308166,4,50,100,monte_carlo
0.8,Computer,9.958152037569649,25.56675468025147,5.0563578473295845,0.5056357847329584,8.96710589949305,10.949198175646247,1.9820922761531972,1,50,100,monte_carlo
0.8,Coffee,7.795804435449257,15.792070752262166,3.973923848321979,0.3973923848321979,7.016915361178149,8.574693509720365,1.5577781485422157,2,50,100,monte_carlo
0.8,Home,6.685771040560186,6.637862391709162,2.576404935507841,0.2576404935507841,6.18079567320065,7.190746407919723,1.0099507347190737,3,50,100,monte_carlo
0.8,Chat,6.115138546214858,17.978956991123727,4.240160019518571,0.4240160019518571,5.284067182389219,6.946209910040498,1.66214272765128,4,50,100,monte_carlo
0.8500000000000001,Computer,12.323326385345043,34.07174770043336,5.837100967126863,0.5837100967126864,11.179254595788178,13.467398174901907,2.2881435791137306,1,50,100,monte_carlo
0.8500000000000001,Coffee,10.558048946520511,18.179084298352947,4.263693738808282,0.4263693738808282,9.722364973714088,11.393732919326935,1.6713679456128465,2,50,100,monte_carlo
0.8500000000000001,Home,8.836880178861835,8.895253232695268,2.982491111922258,0.2982491111922258,8.252311920925072,9.421448436798597,1.1691365158735252,3,50,100,monte_carlo
0.8500000000000001,Chat,8.666469340709115,22.7578439766777,4.770518208400184,0.4770518208400184,7.73144777186268,9.601490909555551,1.8700431376928721,4,50,100,monte_carlo
0.9,Computer,15.921673321124207,38.07195841999253,6.170247841050838,0.6170247841050838,14.712304744278242,17.13104189797017,2.418737153691928,1,50,100,monte_carlo
0.9,Coffee,15.327765866816915,34.39571632685197,5.864786127971929,0.5864786127971928,14.178267785734416,16.477263947899413,2.298996162164996,2,50,100,monte_carlo
0.9,Chat,14.298201673748892,41.45590202918028,6.438625787322966,0.6438625787322966,13.03623101943359,15.560172328064194,2.5239413086306026,3,50,100,monte_carlo
0.9,Home,13.72388617746911,14.353394766202724,3.788587436789961,0.3788587436789961,12.981323039858278,14.466449315079942,1.4851262752216645,4,50,100,monte_carlo
0.9500000000000001,Computer,29.299211502759032,70.26054745920138,8.38215649216843,0.8382156492168431,27.65630883029402,30.942114175224045,3.285805344930025,1,50,100,monte_carlo
0.9500000000000001,Coffee,28.89404226354546,86.23960268296612,9.286528020900283,0.9286528020900283,27.073882771449007,30.714201755641916,3.640318984192911,2,50,100,monte_carlo
0.9500000000000001,Home,27.242783161789557,74.52905690349229,8.633021307948468,0.8633021307948467,25.550710985431657,28.934855338147457,3.3841443527157993,3,50,100,monte_carlo
0.9500000000000001,Chat,24.539518141033977,67.59781093204187,8.221788791500416,0.8221788791500415,22.928047537899896,26.150988744168057,3.2229412062681626,4,50,100,monte_carlo
1.0,Computer,78.57,362.7526262626263,19.04606589988143,1.904606589988143,74.83697108362324,82.30302891637675,7.4660578327535205,1,50,100,monte_carlo
1.0,Coffee,76.64,249.02060606060607,15.780386752567443,1.5780386752567443,73.54704419649678,79.73295580350322,6.185911607006438,2,50,100,monte_carlo
1.0,Chat,74.07,379.31828282828286,19.47609516377148,1.9476095163771479,70.25268534790078,77.8873146520992,7.63462930419842,3,50,100,monte_carlo
1.0,Home,74.03,369.1203030303031,19.21250381991642,1.921250381991642,70.26434925129638,77.79565074870362,7.531301497407236,4,50,100,monte_carlo
0.0,Computer,3.06,4.986262626262626,2.232994094542712,0.2232994094542712,2.6223331574696287,3.4976668425303714,0.8753336850607432,1,100,100,monte_carlo
0.0,Coffee,2.03,0.2516161616161616,0.5016135580465919,0.05016135580465919,1.9316837426228677,2.128316257377132,0.19663251475426402,2,100,100,monte_carlo
0.0,Home,1.0,0.0,0.0,0.0,1.0,1.0,0.0,3,100,100,monte_carlo
0.0,Chat,0.41,1.7796969696969698,1.334052836171405,0.1334052836171405,0.14852564411040464,0.6714743558895953,0.5229487117791907,4,100,100,monte_carlo
0.05,Computer,2.9861475623910088,5.63918921097246,2.3746977093879678,0.2374697709387968,2.520706811350967,3.4515883134310505,0.9308815020800834,1,100,100,monte_carlo
0.05,Coffee,2.1417117351940482,0.3592226792659099,0.5993518826748689,0.059935188267486894,2.024238766189774,2.2591847041983226,0.23494593800854863,2,100,100,monte_carlo
0.05,Home,1.0767542479437922,0.0011677874548506148,0.034172905273778156,0.003417290527377816,1.0700563585101317,1.0834521373774526,0.013395778867321038,3,100,100,monte_carlo
0.05,Chat,0.38429567509720114,2.18462464497286,1.478047578724332,0.1478047578724332,0.09459834966723207,0.6739930005271701,0.5793946508599381,4,100,100,monte_carlo
0.1,Computer,3.1134417553817166,6.39011108696308,2.5278669045191204,0.25278669045191204,2.617979842095969,3.6089036686674643,0.9909238265714952,1,100,100,monte_carlo
0.1,Coffee,2.196428468002287,0.4382926483969943,0.6620367424826165,0.06620367424826165,2.0666692664756945,2.32618766952888,0.2595184030531857,2,100,100,monte_carlo
0.1,Home,1.163967085047044,0.004396824441890683,0.06630855481678577,0.006630855481678577,1.150970608302954,1.176963561791134,0.02599295348818002,3,100,100,monte_carlo
0.1,Chat,0.2166730087996001,2.0115194726452827,1.4182804633235568,0.14182804633235568,-0.06130996201181704,0.49465597961101726,0.5559659416228343,4,100,100,monte_carlo
0.15000000000000002,Computer,3.7855484578293295,5.930910606402887,2.435346095815313,0.2435346095815313,3.308220623049528,4.262876292609131,0.9546556695596027,1,100,100,monte_carlo
0.15000000000000002,Coffee,2.285654856395529,0.5097268722805476,0.7139515895917227,0.07139515895917227,2.145720344835551,2.4255893679555065,0.2798690231199553,2,100,100,monte_carlo
0.15000000000000002,Home,1.2522301697611673,0.011381393604009736,0.10668361450574186,0.010668361450574187,1.2313201813180419,1.2731401582042927,0.04181997688625081,3,100,100,monte_carlo
0.15000000000000002,Chat,0.36890563326407194,2.2077993279449593,1.485866524269579,0.1485866524269579,0.07767579450723444,0.6601354720209094,0.582459677513675,4,100,100,monte_carlo
0.2,Computer,2.8912245261434277,9.416937790112257,3.0687029491484275,0.30687029491484275,2.289758748110336,3.4926903041765196,1.2029315560661835,1,100,100,monte_carlo
0.2,Coffee,2.289074481341138,0.5004525186889176,0.7074266878545915,0.07074266878545915,2.150418850521638,2.4277301121606376,0.2773112616389999,2,100,100,monte_carlo
0.2,Home,1.345751602491741,0.02196961569538563,0.14822150888243457,0.014822150888243457,1.316700186750784,1.3748030182326982,0.05810283148191435,3,100,100,monte_carlo
0.2,Chat,0.4102960238577385,2.8960794635551554,1.7017871381448255,0.17017871381448255,0.07674574478135271,0.7438463029341242,0.6671005581527716,4,100,100,monte_carlo
0.25,Computer,3.769052237135556,9.164801357084388,3.027342292685845,0.3027342292685845,3.17569314776913,4.362411326501982,1.1867181787328513,1,100,100,monte_carlo
0.25,Coffee,2.417562803048857,0.6316017398440462,0.7947337540610983,0.07947337540610983,2.2617949872528818,2.573330618844832,0.3115356315919505,2,100,100,monte_carlo
0.25,Home,1.479156951560366,0.043762626627188904,0.209195187868146,0.0209195187868146,1.4381546947382093,1.5201592083825226,0.08200451364431323,3,100,100,monte_carlo
0.25,Chat,1.0055235536060945,3.000928726495815,1.7323188870689528,0.17323188870689527,0.6659890517405798,1.3450580554716092,0.6790690037310294,4,100,100,monte_carlo
0.30000000000000004,Computer,3.9374217551316537,6.407186190009789,2.531242025174556,0.2531242025174556,3.4412983181974406,4.433545192065867,0.9922468738684259,1,100,100,monte_carlo
0.30000000000000004,Coffee,2.42873249085031,0.8050417728911312,0.8972412010664308,0.08972412010664307,2.2528732154412894,2.6045917662593303,0.3517185508180408,2,100,100,monte_carlo
0.30000000000000004,Home,1.6951773450757475,0.09975896200402827,0.3158464215469732,0.03158464215469732,1.6332714464525406,1.7570832436989543,0.12381179724641349,3,100,100,monte_carlo
0.30000000000000004,Chat,0.9315044083491401,3.0998994435406275,1.760653129818769,0.17606531298187691,0.5864163949046612,1.2765924217936189,0.6901760268889575,4,100,100,monte_carlo
0.35000000000000003,Computer,4.12139131256077,8.399673917538204,2.898219094122838,0.2898219094122838,3.5533403701126938,4.689442255008847,1.1361018848961526,1,100,100,monte_carlo
0.35000000000000003,Coffee,2.795021882772092,1.5519572292722243,1.2457757540072067,0.12457757540072067,2.5508498349866797,3.0391939305575044,0.48834409557082503,2,100,100,monte_carlo
0.35000000000000003,Home,1.7807512098844045,0.10098652082378484,0.3177837642545397,0.03177837642545397,1.7184655920905147,1.8430368276782942,0.12457123558777955,3,100,100,monte_carlo
0.35000000000000003,Chat,1.0597963087314701,3.6306208896225116,1.9054188226273276,0.19054188226273278,0.6863342194965139,1.4332583979664264,0.7469241784699124,4,100,100,monte_carlo
0.4,Computer,4.693448811846895,9.06635272027829,3.011038478711006,0.3011038478711006,4.103285270019537,5.283612353674252,1.1803270836547144,1,100,100,monte_carlo
0.4,Coffee,2.616197178617526,1.263064054593674,1.1238612256829905,0.11238612256829905,2.3959203783836602,2.836473978851392,0.4405536004677323,2,100,100,monte_carlo
0.4,Home,1.9455563928981165,0.1936343496208988,0.44003903192887195,0.044003903192887196,1.8593087426400576,2.0318040431561752,0.1724953005161178,3,100,100,monte_carlo
0.4,Chat,1.2730613452843733,4.017067179840801,2.0042622532594883,0.20042622532594884,0.8802259436455135,1.665896746923233,0.7856708032777194,4,100,100,monte_carlo
0.45,Computer,3.980174928621973,9.549127696242595,3.0901662894159263,0.30901662894159265,3.3745023358964517,4.585847521347494,1.211345185451043,1,100,100,monte_carlo
0.45,Coffee,3.31694638064086,2.192262025007116,1.4806289288701324,0.14806289288701324,3.0267431105823137,3.607149650699406,0.5804065401170919,2,100,100,monte_carlo
0.45,Home,2.155116734592978,0.2355768003561271,0.48536254527530975,0.04853625452753098,2.0599856757190174,2.2502477934669387,0.19026211774792143,3,100,100,monte_carlo
0.45,Chat,1.05243113738231,3.984128867019239,1.99602827310117,0.199602827310117,0.6612095958544808,1.4436526789101394,0.7824430830556586,4,100,100,monte_carlo
0.5,Computer,4.4055296468969605,10.058564619539272,3.171524021592659,0.3171524021592659,3.7839109386647993,5.027148355129121,1.2432374164643223,1,100,100,monte_carlo
0.5,Coffee,3.2876564889817335,2.4122495449684074,1.5531418302809332,0.15531418302809333,2.9832406902466704,3.5920722877167965,0.6088315974701258,2,100,100,monte_carlo
0.5,Home,2.332664509200164,0.29295028437129095,0.5412488192793504,0.05412488192793504,2.2265797406214114,2.438749277778917,0.21216953715750536,3,100,100,monte_carlo
0.5,Chat,1.735670128058631,5.572177887218406,2.3605460993631127,0.23605460993631128,1.273003092583461,2.198337163533801,0.9253340709503401,4,100,100,monte_carlo
0.55,Computer,4.802764551752996,14.33280740731751,3.7858694387574316,0.37858694387574315,4.060734141756539,5.544794961749453,1.484060819992913,1,100,100,monte_carlo
0.55,Coffee,3.949818889170408,3.5190175983439858,1.8759044747385154,0.18759044747385153,3.582141612121659,4.317496166219157,0.735354554097498,2,100,100,monte_carlo
0.55,Home,2.621215284215376,0.43957612123701206,0.6630053704435674,0.06630053704435675,2.491266231608437,2.751164336822315,0.25989810521387846,3,100,100,monte_carlo
0.55,Chat,2.033663787441382,5.026741841222422,2.242039660938767,0.2242039660938767,1.5942240138973838,2.4731035609853804,0.8788795470879966,4,100,100,monte_carlo
0.6000000000000001,Computer,5.6040216328380845,12.951742308905422,3.598852915708757,0.35988529157087573,4.898646461359168,6.309396804317001,1.4107503429578327,1,100,100,monte_carlo
0.6000000000000001,Coffee,3.883882886246605,4.326152797923713,2.0799405755751086,0.20799405755751085,3.4762145334338834,4.291551239059326,0.8153367056254426,2,100,100,monte_carlo
0.6000000000000001,Home,2.9923307188831467,0.7684009868091415,0.8765848429040634,0.08765848429040633,2.82052008967395,3.1641413480923433,0.3436212584183928,3,100,100,monte_carlo
0.6000000000000001,Chat,2.666974798394221,7.78008839673621,2.789280982033938,0.2789280982033938,2.1202757259155693,3.213673870872873,1.0933981449573038,4,100,100,monte_carlo
0.65,Computer,5.4463022292048,16.357626756448344,4.0444562992382975,0.40444562992382976,4.653588794554094,6.239015663855507,1.5854268693014126,1,100,100,monte_carlo
0.65,Coffee,4.455927886426369,5.559211626935366,2.3577980462574324,0.23577980462574324,3.993799469359912,4.9180563034928255,0.9242568341329135,2,100,100,monte_carlo
0.65,Home,3.5421170049262276,1.063733271603758,1.03137445750986,0.103137445750986,3.339967611254295,3.7442663985981604,0.40429878734386515,3,100,100,monte_carlo
0.65,Chat,2.8638621242980506,10.244837955176244,3.2007558412312935,0.32007558412312936,2.236513979416717,3.4912102691793843,1.254696289762667,4,100,100,monte_carlo
0.7000000000000001,Computer,6.619319579214581,12.099418902430342,3.4784218982794974,0.34784218982794973,5.9375488871518,7.301090271277363,1.363541384125563,1,100,100,monte_carlo
0.7000000000000001,Coffee,5.159989579304059,8.279106924639555,2.87734372723169,0.28773437272316904,4.596030208766648,5.72394894984147,1.1279187410748226,2,100,100,monte_carlo
0.7000000000000001,Home,4.388322702707806,2.086348691319093,1.4444198459309168,0.14444198459309168,4.105216412905347,4.671428992510266,0.5662125796049193,3,100,100,monte_carlo
0.7000000000000001,Chat,3.9395369364299806,8.953163692899027,2.9921837665656543,0.2992183766565654,3.353068918183112,4.526004954676849,1.1729360364937365,4,100,100,monte_carlo
0.75,Computer,8.156617475282577,18.00519372895568,4.243252729800062,0.4243252729800062,7.324939940241764,8.98829501032339,1.6633550700816244,1,100,100,monte_carlo
0.75,Coffee,7.159658948888376,9.509375850162437,3.083727590135425,0.3083727590135425,6.555248341221833,7.76406955655492,1.2088212153330866,2,100,100,monte_carlo
0.75,Home,5.0601552543885315,3.162251587164176,1.778272079059944,0.1778272079059944,4.711613926892783,5.40869658188428,0.697082654991498,3,100,100,monte_carlo
0.75,Chat,4.689456016062516,14.748421439652379,3.840367357382934,0.3840367357382934,3.936744014015461,5.44216801810957,1.50542400409411,4,100,100,monte_carlo
0.8,Computer,9.863163948059576,21.89210502837486,4.6788999805910425,0.46788999805910425,8.946099551863732,10.78022834425542,1.8341287923916887,1,100,100,monte_carlo
0.8,Coffee,8.187881205905716,16.541863283990704,4.067168951984993,0.4067168951984993,7.390716091316658,8.985046320494774,1.5943302291781172,2,100,100,monte_carlo
0.8,Home,7.017347085881051,6.469097509050197,2.5434420593066784,0.25434420593066787,6.518832442256942,7.5158617295051595,0.997029287248218,3,100,100,monte_carlo
0.8,Chat,5.695636792588964,17.166750135855718,4.143277704409362,0.4143277704409362,4.883554362524729,6.507719222653199,1.62416486012847,4,100,100,monte_carlo
0.8500000000000001,Computer,12.325326624986749,36.2752477181405,6.022893633307872,0.6022893633307872,11.144839472858406,13.505813777115092,2.3609743042566858,1,100,100,monte_carlo
0.8500000000000001,Coffee,9.588847653878943,17.391330760812895,4.170291447946162,0.41702914479461617,8.771470530081496,10.40622477767639,1.6347542475948953,2,100,100,monte_carlo
0.8500000000000001,Home,9.466061423763314,11.221099706460613,3.349790994444372,0.33497909944443716,8.809502388852216,10.122620458674412,1.3131180698221936,3,100,100,monte_carlo
0.8500000000000001,Chat,8.937185575428055,22.936752014995847,4.7892329255315875,0.47892329255315874,7.998495922023864,9.875875228832246,1.8773793068083822,4,100,100,monte_carlo
0.9,Computer,17.22756795620297,44.26998946730738,6.653569678549055,0.6653569678549055,15.923468299207357,18.531667613198586,2.6081993139912294,1,100,100,monte_carlo
0.9,Coffee,15.185120879769185,33.333887501620225,5.7735506840782325,0.5773550684078232,14.053504945689852,16.316736813848518,2.263231868158667,2,100,100,monte_carlo
0.9,Home,14.039495341850026,18.47836660443032,4.29864706674441,0.429864706674441,13.196960516768122,14.88203016693193,1.6850696501638087,3,100,100,monte_carlo
0.9,Chat,13.752989704516494,30.837112319088522,5.553117351460216,0.5553117351460216,12.664578703630292,14.841400705402696,2.1768220017724045,4,100,100,monte_carlo
0.9500000000000001,Computer,31.754417231745474,67.53498713937171,8.217967336231734,0.8217967336231734,30.143695633844054,33.365138829646895,3.2214431958028396,1,100,100,monte_carlo
0.9500000000000001,Coffee,29.930005935196505,72.93159895674563,8.539999938919534,0.8539999938919534,28.256165947168277,31.603845923224732,3.3476799760564573,2,100,100,monte_carlo
0.9500000000000001,Home,29.445191797025323,59.08265831727742,7.686524462803551,0.7686524462803551,27.93863300231583,30.951750591734818,3.013117589418992,3,100,100,monte_carlo
0.9500000000000001,Chat,27.844103105255073,70.16869677116331,8.376675758984785,0.8376675758984785,26.202274656494055,29.48593155401609,3.2836568975220355,4,100,100,monte_carlo
1.0,Computer,151.42,713.3571717171717,26.708747101224567,2.670874710122457,146.18508556815996,156.65491443184,10.46982886368003,1,100,100,monte_carlo
1.0,Home,151.11,673.0887878787878,25.94395474631398,2.594395474631398,146.02498486972246,156.19501513027757,10.17003026055508,2,100,100,monte_carlo
1.0,Coffee,150.68,715.310707070707,26.745293176009625,2.6745293176009626,145.43792253750212,155.9220774624979,10.484154924995773,3,100,100,monte_carlo
1.0,Chat,147.57,608.6112121212121,24.670046860944794,2.467004686094479,142.73467081525482,152.40532918474517,9.670658369490358,4,100,100,monte_carlo
0.0,Computer,2.46,7.159999999999999,2.6758176320519302,0.267581763205193,1.9355397441178217,2.984460255882178,1.0489205117643565,1,300,100,monte_carlo
0.0,Coffee,2.09,0.22414141414141414,0.47343575503062096,0.0473435755030621,1.997206592013998,2.1827934079860016,0.1855868159720034,2,300,100,monte_carlo
0.0,Home,1.0,0.0,0.0,0.0,1.0,1.0,0.0,3,300,100,monte_carlo
0.0,Chat,0.32,1.8157575757575757,1.3475004919322202,0.13475004919322203,0.05588990358128482,0.5841100964187151,0.5282201928374304,4,300,100,monte_carlo
0.05,Computer,3.3498688619485892,5.556474804461122,2.357217598029745,0.23572175980297452,2.887854212734759,3.8118835111624194,0.9240292984276601,1,300,100,monte_carlo
0.05,Coffee,2.2221699632897605,0.30931058318926263,0.5561569771110155,0.05561569771110155,2.1131631957760013,2.3311767308035196,0.21801353502751808,2,300,100,monte_carlo
0.05,Home,1.0803087562553886,0.0014130720094193425,0.037590850075774326,0.0037590850075774327,1.0729409496405369,1.0876765628702403,0.014735613229703536,3,300,100,monte_carlo
0.05,Chat,0.4773471947083334,2.02592357760774,1.4233494221756442,0.14233494221756443,0.19837070796190714,0.7563236814547597,0.5579529734928526,4,300,100,monte_carlo
0.1,Computer,3.142354786310614,6.229769104336931,2.495950541244143,0.2495950541244143,2.653148480226762,3.631561092394466,0.978412612167704,1,300,100,monte_carlo
0.1,Coffee,2.297790100185357,0.4184020479303701,0.646840048180669,0.0646840048180669,2.1710094507419457,2.424570749628768,0.2535612988868222,2,300,100,monte_carlo
0.1,Home,1.1565212291381883,0.0035417280616289034,0.05951241938981227,0.005951241938981227,1.144856794937785,1.1681856633385916,0.02332886840080641,3,300,100,monte_carlo
0.1,Chat,0.7625403902160156,2.1875870246407905,1.4790493651804832,0.1479049365180483,0.4726467146406409,1.0524340657913904,0.5797873511507494,4,300,100,monte_carlo
0.15000000000000002,Computer,3.559842719637988,5.986820201208801,2.4467979485868465,0.24467979485868466,3.0802703217149663,4.03941511756101,0.9591447958460438,1,300,100,monte_carlo
0.15000000000000002,Coffee,2.1889377285648672,0.5166359915753769,0.7187739502620952,0.07187739502620952,2.0480580343134966,2.329817422816238,0.2817593885027413,2,300,100,monte_carlo
0.15000000000000002,Home,1.249518013461813,0.011380518409791079,0.10667951260570643,0.010667951260570643,1.2286088289910944,1.2704271979325314,0.04181836894143692,3,300,100,monte_carlo
0.15000000000000002,Chat,0.68724692158369,2.643983620777641,1.626033093383293,0.16260330933832928,0.3685444352805647,1.0059494078868154,0.6374049726062507,4,300,100,monte_carlo
0.2,Computer,3.1450687188464714,7.451489953271394,2.729741737467373,0.2729741737467373,2.610039338302866,3.6800980993900767,1.0700587610872103,1,300,100,monte_carlo
0.2,Coffee,2.417128138927583,0.639303317323253,0.7995644547647507,0.07995644547647507,2.260413505793692,2.5738427720614743,0.3134292662677823,2,300,100,monte_carlo
0.2,Home,1.3543981377580914,0.01321940433531298,0.11497566844908091,0.011497566844908092,1.3318629067420715,1.3769333687741112,0.045070462032039724,3,300,100,monte_carlo
0.2,Chat,0.7746717832433265,2.649050751707197,1.6275904742001892,0.16275904742001893,0.45566405030008944,1.0936795161865636,0.6380154658864742,4,300,100,monte_carlo
0.25,Computer,3.2409501842991535,9.404553760551702,3.0666844898932304,0.30666844898932305,2.6398800242800804,3.8420203443182266,1.2021403200381464,1,300,100,monte_carlo
0.25,Coffee,2.4941324613037055,0.8008024445804603,0.8948756587260939,0.08948756587260939,2.318736832193391,2.66952809041402,0.3507912582206288,2,300,100,monte_carlo
0.25,Home,1.504298794376088,0.04527690740937221,0.2127837103947861,0.021278371039478612,1.46259318713871,1.546004401613466,0.08341121447475616,3,300,100,monte_carlo
0.25,Chat,0.669328976432634,2.8113898638415042,1.676719971802538,0.1676719971802538,0.34069186195933654,0.9979660909059315,0.6572742289465949,4,300,100,monte_carlo
0.30000000000000004,Computer,3.740909964189095,8.378238338973732,2.894518671381087,0.28945186713810866,3.173584304598402,4.308235623779788,1.1346513191813858,1,300,100,monte_carlo
0.30000000000000004,Coffee,2.5595846165762324,0.9274796616572912,0.9630574550136098,0.09630574550136098,2.3708253553935648,2.7483438777589,0.377518522365335,2,300,100,monte_carlo
0.30000000000000004,Home,1.6001366575109264,0.07620758541754859,0.27605721402917294,0.027605721402917293,1.5460294435612085,1.6542438714606442,0.10821442789943579,3,300,100,monte_carlo
0.30000000000000004,Chat,0.70244587425377,3.0213039750958863,1.7381898558833804,0.17381898558833803,0.3617606625006275,1.0431310860069125,0.6813704235062851,4,300,100,monte_carlo
0.35000000000000003,Computer,4.17307544574718,7.066248870356464,2.6582416877245123,0.26582416877245124,3.6520600749531758,4.694090816541185,1.0420307415880088,1,300,100,monte_carlo
0.35000000000000003,Coffee,2.7161852340399046,1.262422920353996,1.1235759521963773,0.11235759521963773,2.495964347409415,2.9364061206703944,0.4404417732609799,2,300,100,monte_carlo
0.35000000000000003,Home,1.7417411768453837,0.08648977745585272,0.2940914440371442,0.02940914440371442,1.6840992538141033,1.799383099876664,0.11528384606256054,3,300,100,monte_carlo
0.35000000000000003,Chat,1.112074242516045,3.3718457816617495,1.8362586369195788,0.18362586369195788,0.7521675496798076,1.4719809353522826,0.7198133856724749,4,300,100,monte_carlo
0.4,Computer,3.652427219642177,9.409961700138478,3.067566087330227,0.3067566087330227,3.0511842665254525,4.253670172758902,1.202485906233449,1,300,100,monte_carlo
0.4,Coffee,2.7180433599395037,1.6100697249389686,1.2688852292224733,0.12688852292224734,2.469341855011899,2.9667448648671084,0.4974030098552096,2,300,100,monte_carlo
0.4,Home,1.996230036763083,0.19664322996627467,0.443444731580244,0.0443444731580244,1.9093148693733553,2.0831452041528107,0.17383033477945564,3,300,100,monte_carlo
0.4,Chat,1.1688974202393012,3.362176706218803,1.8336239271504948,0.18336239271504948,0.8095071305178043,1.528287709960798,0.7187805794429939,4,300,100,monte_carlo
0.45,Computer,4.422293385010014,9.050023210436855,3.0083256490009282,0.3008325649000928,3.832661557805832,5.011925212214196,1.1792636544083637,1,300,100,monte_carlo
0.45,Coffee,3.398350117645147,2.149515762749488,1.4661226970310117,0.14661226970310118,3.1109900690270686,3.6857101662632257,0.5747200972361566,2,300,100,monte_carlo
0.45,Home,2.1768437726483283,0.27418340260483315,0.5236252501597236,0.05236252501597236,2.0742132236170225,2.279474321679634,0.20526109806261167,3,300,100,monte_carlo
0.45,Chat,1.0277461338636793,4.461300442681397,2.1121790744824165,0.21121790744824165,0.6137590352651257,1.441733232462233,0.8279741971971073,4,300,100,monte_carlo
0.5,Computer,4.589869261683034,10.901100941523957,3.3016815324201025,0.33016815324201026,3.9427396813286935,5.236998842037374,1.2942591607086802,1,300,100,monte_carlo
0.5,Coffee,3.203511765025971,2.6270587302676676,1.6208203880343026,0.16208203880343025,2.8858309689712476,3.521192561080694,0.6353615921094465,2,300,100,monte_carlo
0.5,Home,2.458191329149945,0.48266628613587836,0.6947418845412145,0.06947418845412145,2.322021919779867,2.594360738520023,0.2723388187401561,3,300,100,monte_carlo
0.5,Chat,1.8273771062035726,5.325484131275189,2.3077010489392227,0.23077010489392227,1.3750677006114849,2.2796865117956604,0.9046188111841753,4,300,100,monte_carlo
0.55,Computer,4.662492638707471,11.15838637541075,3.3404170960242,0.33404170960242,4.007770887886728,5.317214389528214,1.3094435016414865,1,300,100,monte_carlo
0.55,Coffee,3.8291254096460534,3.7496225475437304,1.9363942128460647,0.19363942128460648,3.449592143928225,4.208658675363882,0.7590665314356574,2,300,100,monte_carlo
0.55,Home,2.661241797765165,0.6312379281313649,0.7945048320377699,0.07945048320377698,2.505518850685762,2.816964744844568,0.31144589415880575,3,300,100,monte_carlo
0.55,Chat,2.1980670883514257,6.120729708706994,2.474010854605734,0.2474010854605734,1.7131609608487017,2.6829732158541497,0.9698122550054478,4,300,100,monte_carlo
0.6000000000000001,Computer,5.591069987124428,12.033479886699784,3.46893065463981,0.346893065463981,4.911159578815025,6.27098039543383,1.3598208166188055,1,300,100,monte_carlo
0.6000000000000001,Coffee,3.90981360623303,3.701579988864641,1.9239490608809373,0.19239490608809373,3.5327195903003665,4.286907622165694,0.7541880318653275,2,300,100,monte_carlo
0.6000000000000001,Home,3.018331412354546,0.8269744869597805,0.9093813759692797,0.09093813759692797,2.840092662664567,3.196570162044525,0.35647749937995765,3,300,100,monte_carlo
0.6000000000000001,Chat,2.627031667993632,8.580217152434027,2.9292007702501426,0.29292007702501427,2.0529083170246043,3.20115501896266,1.148246701938056,4,300,100,monte_carlo
0.65,Computer,5.404458203282766,13.459428467238709,3.668709373504354,0.3668709373504354,4.685391166075912,6.123525240489619,1.4381340744137068,1,300,100,monte_carlo
0.65,Coffee,4.344674143572959,5.4647342595535315,2.3376771076334584,0.23376771076334585,3.8864894304768014,4.8028588566691175,0.9163694261923158,2,300,100,monte_carlo
0.65,Chat,3.7149746942693764,9.858615137933041,3.139843170913643,0.3139843170913643,3.0995654327703024,4.3303839557684505,1.230818522998148,3,300,100,monte_carlo
0.65,Home,3.456978438764317,0.8245971483467601,0.9080733166142259,0.09080733166142259,3.278996068707929,3.6349608088207055,0.35596474011277657,4,300,100,monte_carlo
0.7000000000000001,Computer,7.089416545143846,17.958308294836474,4.237724424126287,0.4237724424126287,6.258822558015093,7.920010532272598,1.6611879742575044,1,300,100,monte_carlo
0.7000000000000001,Coffee,5.08639496320294,7.606191399009313,2.7579324500446547,0.27579324500446545,4.545840202994188,5.626949723411692,1.0811095204175045,2,300,100,monte_carlo
0.7000000000000001,Home,4.537565941641945,2.970726488275716,1.7235795567004488,0.1723579556700449,4.1997443485286565,4.875387534755233,0.6756431862265759,3,300,100,monte_carlo
0.7000000000000001,Chat,3.6638764122758123,11.690183610085937,3.4190910502772422,0.3419091050277242,2.9937345664214727,4.334018258130151,1.340283691708679,4,300,100,monte_carlo
0.75,Computer,8.37280046202481,18.57376927364543,4.309729605630198,0.4309729605630198,7.5280934593212905,9.217507464728328,1.6894140054070377,1,300,100,monte_carlo
0.75,Coffee,6.332002715394008,9.645003173551105,3.105640541587372,0.3105640541587372,5.723297169242883,6.940708261545133,1.2174110923022499,2,300,100,monte_carlo
0.75,Home,5.501948254165154,4.0058633344296,2.0014652968336972,0.2001465296833697,5.109661055985749,5.894235452344559,0.7845743963588092,3,300,100,monte_carlo
0.75,Chat,4.571326773465455,13.428390039259753,3.66447677564748,0.366447677564748,3.853089325438549,5.289564221492361,1.436474896053812,4,300,100,monte_carlo
0.8,Computer,8.973238408127365,17.571207001606,4.191802357173582,0.41918023571735824,8.151645146121343,9.794831670133387,1.6431865240120442,1,300,100,monte_carlo
0.8,Coffee,7.23853597157017,11.833271424709917,3.43995224163213,0.34399522416321304,6.564305332210273,7.912766610930067,1.3484612787197952,2,300,100,monte_carlo
0.8,Home,6.677941125828301,6.17964777954432,2.4858897359988275,0.24858897359988275,6.1907067375725315,7.165175514084071,0.9744687765115403,3,300,100,monte_carlo
0.8,Chat,6.145386309600292,17.264282334860095,4.155030966775109,0.4155030966775109,5.331000240112371,6.959772379088213,1.6287721389758427,4,300,100,monte_carlo
0.8500000000000001,Computer,12.051541752451463,23.67418237498468,4.86561223023215,0.48656122302321503,11.097881755325961,13.005201749576965,1.9073199942510028,1,300,100,monte_carlo
0.8500000000000001,Coffee,9.633121531258011,16.89118834764976,4.109889091891624,0.4109889091891624,8.827583269247253,10.43865979326877,1.6110765240215166,2,300,100,monte_carlo
0.8500000000000001,Home,8.971896967162623,10.256337534858167,3.2025517224329363,0.32025517224329364,8.344196829565767,9.599597104759479,1.255400275193711,3,300,100,monte_carlo
0.8500000000000001,Chat,8.241170180046234,22.675225957861645,4.761851106225566,0.47618511062255664,7.307847363226023,9.174492996866444,1.866645633640422,4,300,100,monte_carlo
0.9,Computer,16.964247472656066,48.561866382703485,6.968634470447096,0.6968634470447096,15.598395116448435,18.330099828863695,2.7317047124152616,1,300,100,monte_carlo
0.9,Coffee,15.38162913458922,30.737276299963874,5.544120877106114,0.5544120877106115,14.294981442676422,16.46827682650202,2.173295383825597,2,300,100,monte_carlo
0.9,Home,14.088680296535896,19.916547484103372,4.462795926782152,0.4462795926782152,13.213972294886595,14.963388298185198,1.7494160032986037,3,300,100,monte_carlo
0.9,Chat,13.982191943653124,30.748512622198287,5.545134139243007,0.5545134139243008,12.895345652361495,15.069038234944752,2.173692582583259,4,300,100,monte_carlo
0.9500000000000001,Computer,32.323489698371674,72.3034492454068,8.503143491992052,0.8503143491992052,30.656873573941233,33.990105822802114,3.3332322488608845,1,300,100,monte_carlo
0.9500000000000001,Home,29.953951324966123,51.368595999459885,7.167188849155566,0.7167188849155566,28.549182310531634,31.358720339400612,2.8095380288689817,2,300,100,monte_carlo
0.9500000000000001,Coffee,29.74824652226113,91.16561407264311,9.548068604311718,0.9548068604311718,27.876825075816033,31.619667968706228,3.7428428928901933,3,300,100,monte_carlo
0.9500000000000001,Chat,29.561799682730637,70.5886017997003,8.40170231558464,0.8401702315584639,27.915066028876048,31.208533336585226,3.2934673077091787,4,300,100,monte_carlo
1.0,Home,463.15,2034.7550505050506,45.10825922716427,4.5108259227164265,454.30878119147576,471.9912188085242,17.682437617048393,1,300,100,monte_carlo
1.0,Chat,463.14,2305.2327272727275,48.012839191957056,4.801283919195706,453.7294835183764,472.55051648162356,18.821032963247166,2,300,100,monte_carlo
1.0,Coffee,457.98,1980.8480808080808,44.50671950175705,4.450671950175705,449.25668297765566,466.7033170223444,17.446634044688764,3,300,100,monte_carlo
1.0,Computer,456.3,2537.040404040404,50.36904211954407,5.036904211954407,446.42766774456936,466.17233225543066,19.744664510861273,4,300,100,monte_carlo
0.0,Computer,2.48,6.595555555555556,2.56818137123443,0.256818137123443,1.9766364512380519,2.983363548761948,1.0067270975238964,1,500,100,monte_carlo
0.0,Coffee,2.13,0.2556565656565657,0.5056249258655725,0.05056249258655725,2.0308975145303476,2.229102485469652,0.19820497093930442,2,500,100,monte_carlo
0.0,Home,1.0,0.0,0.0,0.0,1.0,1.0,0.0,3,500,100,monte_carlo
0.0,Chat,0.16,1.7721212121212122,1.3312104311945623,0.13312104311945622,-0.10091724451413417,0.42091724451413415,0.5218344890282683,4,500,100,monte_carlo
0.05,Computer,2.991645876828357,5.372357082396103,2.3178345675211816,0.23178345675211814,2.5373503015942056,3.4459414520625087,0.9085911504683031,1,500,100,monte_carlo
0.05,Coffee,2.231730179979349,0.3389218715485746,0.582169967920516,0.0582169967920516,2.1176248662669277,2.3458354936917702,0.22821062742484227,2,500,100,monte_carlo
0.05,Home,1.0778975197169691,0.0012078755190935543,0.03475450358001901,0.0034754503580019013,1.0710856370152855,1.0847094024186528,0.013623765403367454,3,500,100,monte_carlo
0.05,Chat,0.3318823019386303,2.0115005712121006,1.4182737998045725,0.14182737998045725,0.05390063717693405,0.6098639667003265,0.5559633295233924,4,500,100,monte_carlo
0.1,Computer,2.9215225293385547,8.197410415426097,2.863112015871209,0.28631120158712087,2.360352574227798,3.4826924844493115,1.1223399102215137,1,500,100,monte_carlo
0.1,Coffee,2.173556997069212,0.3625041759598763,0.602083196875545,0.0602083196875545,2.055548690481605,2.291565303656819,0.23601661317521364,2,500,100,monte_carlo
0.1,Home,1.149170036615291,0.0034345335255254925,0.058604893358195714,0.005860489335819572,1.1376834775170848,1.1606565957134973,0.02297311819641272,3,500,100,monte_carlo
0.1,Chat,0.5731398957401805,2.1952927117952075,1.4816520211558473,0.14816520211558473,0.2827360995936345,0.8635436918867265,0.5808075922930921,4,500,100,monte_carlo
0.15000000000000002,Computer,3.550225294334237,7.185782233005395,2.68063093935092,0.268063093935092,3.024821630221457,4.075628958447018,1.0508073282255606,1,500,100,monte_carlo
0.15000000000000002,Coffee,2.405078823608667,0.5115824096337394,0.7152498931378735,0.07152498931378734,2.264889844553644,2.54526780266369,0.28037795811004634,2,500,100,monte_carlo
0.15000000000000002,Home,1.2432570231433542,0.008049639636232196,0.08971978397339238,0.008971978397339238,1.2256719454845693,1.260842100802139,0.03517015531756981,3,500,100,monte_carlo
0.15000000000000002,Chat,0.5853630600676341,2.6051485152186067,1.614047246897874,0.1614047246897874,0.26900979967565075,0.9017163204596174,0.6327065207839666,4,500,100,monte_carlo
0.2,Computer,3.488097834201365,6.406954292930484,2.5311962177852756,0.25311962177852754,2.991983375515451,3.984212292887279,0.992228917371828,1,500,100,monte_carlo
0.2,Coffee,2.4041557291602995,0.620661970549942,0.7878210269788068,0.07878210269788069,2.2497428078724533,2.5585686504481457,0.3088258425756923,2,500,100,monte_carlo
0.2,Home,1.3491765198070858,0.018779355897394823,0.13703779003397137,0.013703779003397138,1.3223171129604274,1.376035926653744,0.053718813693316776,3,500,100,monte_carlo
0.2,Chat,0.5985634382858573,2.389298867623877,1.5457357043246032,0.1545735704324603,0.29559924023823514,0.9015276363334795,0.6059283960952444,4,500,100,monte_carlo
0.25,Computer,3.6115173533832734,9.027396423644692,3.004562601052721,0.3004562601052721,3.0226230835769403,4.2004116231896065,1.1777885396126666,1,500,100,monte_carlo
0.25,Coffee,2.322118219071772,0.5478916947990784,0.7401970648408965,0.07401970648408965,2.1770395943629564,2.4671968437805876,0.29015724941763144,2,500,100,monte_carlo
0.25,Home,1.4652362324738484,0.03470578988844382,0.1862949003286022,0.01862949003286022,1.4287224320094423,1.5017500329382545,0.07302760092881207,3,500,100,monte_carlo
0.25,Chat,0.8506957540529437,3.108067313421349,1.762971160689065,0.1762971160689065,0.505153406557887,1.1962381015480004,0.6910846949901135,4,500,100,monte_carlo
0.30000000000000004,Computer,3.396541858510526,8.858659371741393,2.9763500082721106,0.29763500082721106,2.813177256889192,3.9799064601318594,1.1667292032426673,1,500,100,monte_carlo
0.30000000000000004,Coffee,2.58690156063261,1.0147986486929346,1.0073721500483,0.10073721500482999,2.389456619223143,2.7843465020420766,0.39488988281893356,2,500,100,monte_carlo
0.30000000000000004,Home,1.5833733305135198,0.03220229558484738,0.17944998073236837,0.017944998073236837,1.5482011342899755,1.618545526737064,0.0703443924470884,3,500,100,monte_carlo
0.30000000000000004,Chat,1.1901326717077747,3.855533840580949,1.9635513338288229,0.1963551333828823,0.8052766102773254,1.574988733138224,0.7697121228608986,4,500,100,monte_carlo
0.35000000000000003,Computer,4.087353052221793,9.418459017682977,3.0689508007921824,0.30689508007921823,3.4858386952665255,4.688867409177061,1.2030287139105353,1,500,100,monte_carlo
0.35000000000000003,Coffee,2.682562962596386,1.0299699141137468,1.0148743341486899,0.10148743341486899,2.483647593103243,2.881478332089529,0.3978307389862864,2,500,100,monte_carlo
0.35000000000000003,Home,1.7158869363994311,0.07977505516462491,0.2824447825055809,0.02824447825055809,1.6605277590283372,1.771246113770525,0.11071835474218772,3,500,100,monte_carlo
0.35000000000000003,Chat,1.0124503805967182,3.796359653970724,1.9484249161747866,0.19484249161747866,0.6305590970264601,1.3943416641669764,0.7637825671405163,4,500,100,monte_carlo
0.4,Computer,3.880736746290775,9.346595188529818,3.057220173381338,0.30572201733813376,3.281521592308033,4.479951900273518,1.1984303079654843,1,500,100,monte_carlo
0.4,Coffee,2.846343622457363,1.3054053239765542,1.142543357591542,0.1142543357591542,2.6224051243694206,3.0702821205453055,0.44787699617588445,2,500,100,monte_carlo
0.4,Home,1.9141431769258477,0.18232407705176937,0.4269942353847056,0.04269942353847056,1.8304523067904455,1.99783404706125,0.1673817402708046,3,500,100,monte_carlo
0.4,Chat,1.338543478200439,4.5909353842709555,2.142646817436545,0.2142646817436545,0.9185847019828762,1.7585022544180018,0.8399175524351257,4,500,100,monte_carlo
0.45,Computer,4.182276449087618,9.785651383884844,3.1282025803782023,0.3128202580378202,3.56914874333349,4.795404154841745,1.2262554115082551,1,500,100,monte_carlo
0.45,Coffee,3.1203932253253184,2.2818108087678755,1.5105663867463341,0.15105663867463343,2.824322213523037,3.4164642371275997,0.592142023604563,2,500,100,monte_carlo
0.45,Home,2.184286185359096,0.27413327750847666,0.5235773844509297,0.05235773844509297,2.0816650180067136,2.286907352711478,0.20524233470476444,3,500,100,monte_carlo
0.45,Chat,1.4750188235861486,4.619021533686376,2.1491909021039466,0.21491909021039465,1.053777406773775,1.896260240398522,0.8424828336247471,4,500,100,monte_carlo
0.5,Computer,4.337492618734244,10.334934370188222,3.2147992737009603,0.321479927370096,3.7073919610888564,4.967593276379633,1.2602013152907763,1,500,100,monte_carlo
0.5,Coffee,3.262983299727712,2.638422120188758,1.6243220494066926,0.16243220494066926,2.9446161780440003,3.581350421411424,0.6367342433674235,2,500,100,monte_carlo
0.5,Home,2.393498068084382,0.3970531481719393,0.6301215344454903,0.06301215344454904,2.2699942473330657,2.517001888835698,0.2470076415026322,3,500,100,monte_carlo
0.5,Chat,1.5325353848947683,5.685355812454227,2.3843984173066017,0.23843984173066018,1.0651932951026744,1.9998774746868622,0.9346841795841879,4,500,100,monte_carlo
0.55,Computer,5.150399622895872,12.699180300429411,3.5635909277622497,0.35635909277622496,4.451935801054471,5.8488634447372725,1.3969276436828018,1,500,100,monte_carlo
0.55,Coffee,3.5884238175145264,3.3411607710921385,1.8278842335038996,0.18278842335038997,3.230158507747762,3.946689127281291,0.7165306195335287,2,500,100,monte_carlo
0.55,Home,2.7166708285380223,0.7028165566114729,0.8383415512853176,0.08383415512853176,2.5523558844861,2.880985772589945,0.3286298881038445,3,500,100,monte_carlo
0.55,Chat,1.8053940432695033,6.7031159063270405,2.589037640963731,0.25890376409637306,1.2979426656406121,2.3128454208983946,1.0149027552577823,4,500,100,monte_carlo
0.6000000000000001,Computer,5.272734468944162,14.052300904160479,3.748639873895661,0.3748639873895661,4.538001053660613,6.007467884227712,1.469466830567099,1,500,100,monte_carlo
0.6000000000000001,Coffee,4.201358954983049,5.303858486385371,2.303010743871025,0.23030107438710248,3.749968849184328,4.65274906078177,0.9027802115974417,2,500,100,monte_carlo
0.6000000000000001,Home,3.0491363801925306,0.68580442364626,0.8281330953694943,0.08281330953694943,2.8868222935001095,3.2114504668849517,0.3246281733848418,3,500,100,monte_carlo
0.6000000000000001,Chat,2.6301097619065126,8.944448406072391,2.990727069806336,0.2990727069806336,2.0439272562244706,3.2162922675885546,1.1723650113640838,4,500,100,monte_carlo
0.65,Computer,6.15089654021408,12.199901463921403,3.492835733887496,0.3492835733887496,5.466300736372131,6.835492344056029,1.3691916076838984,1,500,100,monte_carlo
0.65,Coffee,4.452340280249878,6.304118654014959,2.5108004010703358,0.25108004010703355,3.9602234016400923,4.944457158859664,0.9842337572195715,2,500,100,monte_carlo
0.65,Home,3.509058048882409,1.590713038938469,1.2612347279307168,0.12612347279307168,3.261856042207988,3.7562600555568295,0.494404013348841,3,500,100,monte_carlo
0.65,Chat,2.712062267701191,9.733445605915207,3.1198470484809357,0.3119847048480936,2.1005722461989276,3.3235522892034544,1.2229800430045268,4,500,100,monte_carlo
0.7000000000000001,Computer,6.6152237336009705,13.997328420395576,3.741300364899292,0.3741300364899292,5.881928862080709,7.348518605121232,1.4665897430405224,1,500,100,monte_carlo
0.7000000000000001,Coffee,5.121180533495049,7.22441913077992,2.687827957809041,0.2687827957809041,4.594366253764477,5.647994813225621,1.053628559461144,2,500,100,monte_carlo
0.7000000000000001,Home,4.221467367245709,2.359831748584225,1.5361743874261884,0.15361743874261885,3.920377187310176,4.522557547181242,0.6021803598710659,3,500,100,monte_carlo
0.7000000000000001,Chat,4.021248046752792,9.58847468362848,3.096526228474172,0.3096526228474172,3.4143289059718542,4.628167187533729,1.2138382815618753,4,500,100,monte_carlo
0.75,Computer,8.48656314026593,20.433680740619558,4.520362899217226,0.45203628992172257,7.600572012019354,9.372554268512507,1.7719822564931524,1,500,100,monte_carlo
0.75,Coffee,5.738824829823954,10.367800584380342,3.219906921695151,0.3219906921695151,5.107723073171704,6.369926586476203,1.262203513304499,2,500,100,monte_carlo
0.75,Chat,5.376814226719228,13.158223585369193,3.6274265789081372,0.3627426578908137,4.6658386172532325,6.087789836185223,1.4219512189319898,3,500,100,monte_carlo
0.75,Home,5.159012517739353,4.097146015102438,2.024140809109494,0.20241408091094942,4.762280919153892,5.5557441163248145,0.7934631971709217,4,500,100,monte_carlo
0.8,Computer,8.898379554733351,21.18105940089914,4.602288496052712,0.4602288496052712,7.99633100950702,9.800428099959683,1.8040970904526632,1,500,100,monte_carlo
0.8,Coffee,8.159991602488503,14.819298957173356,3.849584257705416,0.38495842577054157,7.405473087978242,8.914510116998764,1.5090370290205228,2,500,100,monte_carlo
0.8,Home,6.55222768973834,6.496186093828092,2.5487616785074456,0.2548761678507446,6.0526704007508805,7.051784978725799,0.9991145779749188,3,500,100,monte_carlo
0.8,Chat,6.319410995458518,15.548964877198568,3.9432175792363484,0.39432175792363483,5.546540349928193,7.092281640988842,1.5457412910606485,4,500,100,monte_carlo
0.8500000000000001,Computer,11.628040263579853,30.148737066810693,5.490786561760591,0.5490786561760591,10.551846097474778,12.704234429684929,2.1523883322101516,1,500,100,monte_carlo
0.8500000000000001,Coffee,9.995218703274618,18.195883365531436,4.2656632972530115,0.4265663297253012,9.159148697013029,10.831288709536208,1.6721400125231807,2,500,100,monte_carlo
0.8500000000000001,Home,9.074814235534442,10.197386724988574,3.193334734253297,0.3193334734253297,8.448920627620796,9.700707843448088,1.2517872158272925,3,500,100,monte_carlo
0.8500000000000001,Chat,8.926110833606938,23.825522309857003,4.881139447901177,0.48811394479011766,7.969407501818307,9.882814165395569,1.9134066635772613,4,500,100,monte_carlo
0.9,Computer,16.877822252539964,52.97221122497143,7.278201098140352,0.7278201098140352,15.451294837304456,18.304349667775472,2.853054830471018,1,500,100,monte_carlo
0.9,Coffee,15.214383576787432,32.13413813134718,5.66869809844793,0.566869809844793,14.103318749491638,16.325448404083225,2.2221296545915883,2,500,100,monte_carlo
0.9,Home,14.455577879968589,25.65118908081156,5.064700295260477,0.5064700295260477,13.462896622097535,15.448259137839642,1.9853625157421069,3,500,100,monte_carlo
0.9,Chat,12.951241106445277,29.93032982537447,5.470861890541057,0.5470861890541057,11.87895217589923,14.023530036991325,2.144577861092094,4,500,100,monte_carlo
0.9500000000000001,Computer,32.00218325052768,75.8918990185697,8.711595664318317,0.8711595664318317,30.29471050032129,33.70965600073407,3.41494550041278,1,500,100,monte_carlo
0.9500000000000001,Coffee,30.388814896596415,92.30144633439976,9.60736417205051,0.960736417205051,28.505771518874514,32.27185827431831,3.7660867554438,2,500,100,monte_carlo
0.9500000000000001,Chat,29.56111775024528,82.06871540112104,9.059178516903232,0.9059178516903232,27.78551876093225,31.336716739558312,3.551197978626067,3,500,100,monte_carlo
0.9500000000000001,Home,29.260960269837586,58.87371102439044,7.67292063196215,0.767292063196215,27.757067825973003,30.76485271370217,3.0077848877291626,4,500,100,monte_carlo
1.0,Computer,767.49,3371.9493939393938,58.06848882086905,5.806848882086905,756.1085761911097,778.8714238088903,22.76284761778067,1,500,100,monte_carlo
1.0,Home,763.39,4832.785757575757,69.51824046662686,6.951824046662686,749.7644248685411,777.0155751314588,27.25115026291773,2,500,100,monte_carlo
1.0,Coffee,752.52,3314.858181818182,57.57480509578979,5.757480509578979,741.2353382012252,763.8046617987748,22.569323597549598,3,500,100,monte_carlo
1.0,Chat,746.85,2920.472222222222,54.04139359992692,5.404139359992692,736.2578868544143,757.4421131455857,21.184226291171353,4,500,100,monte_carlo
0.0,Computer,2.98,5.312727272727273,2.3049354161727122,0.23049354161727123,2.528232658430148,3.4317673415698517,0.9035346831397032,1,1000,100,monte_carlo
0.0,Coffee,2.19,0.31707070707070706,0.5630903187506486,0.05630903187506486,2.0796342975248727,2.300365702475127,0.22073140495025426,2,1000,100,monte_carlo
0.0,Home,1.0,0.0,0.0,0.0,1.0,1.0,0.0,3,1000,100,monte_carlo
0.0,Chat,0.06,1.7337373737373738,1.3167146136264205,0.13167146136264204,-0.1980760642707784,0.3180760642707784,0.5161521285415568,4,1000,100,monte_carlo
0.05,Computer,2.781327390135695,7.08068417909153,2.660955501148324,0.26609555011483244,2.2597801119106236,3.3028746683607664,1.043094556450143,1,1000,100,monte_carlo
0.05,Coffee,2.080117098475933,0.3055164792362584,0.5527354514017156,0.05527354514017156,1.971780950001197,2.1884532469506692,0.21667229694947251,2,1000,100,monte_carlo
0.05,Home,1.0771686854493623,0.0009146359071512745,0.03024294805655154,0.003024294805655154,1.0712410676302782,1.0830963032684464,0.011855235638168203,3,1000,100,monte_carlo
0.05,Chat,0.28027334216812266,1.90578198309217,1.3805006277043739,0.13805006277043738,0.009695219138065425,0.55085146519818,0.5411562460601145,4,1000,100,monte_carlo
0.1,Computer,2.595100895779712,9.429981004991765,3.0708274137423883,0.30708274137423885,1.993218722686204,3.1969830688732204,1.2037643461870162,1,1000,100,monte_carlo
0.1,Coffee,2.042116554338755,0.3364040379297729,0.5800034809634964,0.058000348096349644,1.9284358720699097,2.1557972366076004,0.2273613645376906,2,1000,100,monte_carlo
0.1,Home,1.1539723634163457,0.004228249111862903,0.06502498836495785,0.006502498836495785,1.141227465696814,1.1667172611358774,0.025489795439063476,3,1000,100,monte_carlo
0.1,Chat,0.5551791747810353,1.814817256079715,1.347151534193431,0.1347151534193431,0.2911374740791228,0.8192208754829478,0.5280834014038249,4,1000,100,monte_carlo
0.15000000000000002,Computer,3.510740460886241,6.433850176497336,2.5365035337048787,0.25365035337048786,3.013585768280085,4.007895153492397,0.9943093852123124,1,1000,100,monte_carlo
0.15000000000000002,Coffee,2.2659083567132767,0.4987950893971596,0.7062542668169585,0.07062542668169584,2.127482520417153,2.4043341930094004,0.2768516725922477,2,1000,100,monte_carlo
0.15000000000000002,Home,1.2371617128940806,0.009846355251547199,0.09922880253004769,0.009922880253004768,1.2177128675981912,1.25661055818997,0.038897690591778694,3,1000,100,monte_carlo
0.15000000000000002,Chat,0.43418949265546375,2.3434427210207605,1.5308307290555545,0.15308307290555545,0.13414666976057504,0.7342323155503525,0.6000856457897774,4,1000,100,monte_carlo
0.2,Computer,3.030834814968464,9.51964838446574,3.085392743957524,0.3085392743957524,2.4260978371527893,3.6355717927841384,1.2094739556313494,1,1000,100,monte_carlo
0.2,Coffee,2.366985624206016,0.6475508607409564,0.8047054496776795,0.08047054496776795,2.2092633560691906,2.524707892342841,0.3154445362736504,2,1000,100,monte_carlo
0.2,Home,1.3552677534747457,0.01731326967218047,0.1315798984350591,0.01315798984350591,1.329478093381474,1.3810574135680174,0.05157932018654316,3,1000,100,monte_carlo
0.2,Chat,0.7715732738312526,2.5317660828930553,1.5911524386095304,0.15911524386095305,0.4597073958637847,1.0834391517987205,0.6237317559349359,4,1000,100,monte_carlo
0.25,Computer,3.4347747777536206,6.948983767639084,2.6360925187935047,0.26360925187935047,2.9181006440700936,3.9514489114371476,1.0333482673670538,1,1000,100,monte_carlo
0.25,Coffee,2.4382934100278226,0.696697738451316,0.8346842148089995,0.08346842148089995,2.2746953039252586,2.6018915161303866,0.3271962122051278,2,1000,100,monte_carlo
0.25,Home,1.4515973949645788,0.02902135204920403,0.17035654389897686,0.017035654389897688,1.4182075123603795,1.4849872775687782,0.06677976520839894,3,1000,100,monte_carlo
0.25,Chat,0.8848395054286123,2.8534739256570525,1.689222876253176,0.1689222876253176,0.5537518216829898,1.215927189174235,0.6621753674912451,4,1000,100,monte_carlo
0.30000000000000004,Computer,3.836050838351989,7.907803267358797,2.812081660862429,0.2812081660862429,3.284882832822953,4.3872188438810245,1.102336011058072,1,1000,100,monte_carlo
0.30000000000000004,Coffee,2.5764947428958664,0.9932862048903215,0.996637449070785,0.0996637449070785,2.381153802877993,2.77183568291374,0.39068188003574766,2,1000,100,monte_carlo
0.30000000000000004,Home,1.5968952785885957,0.05690240485505909,0.2385422496227012,0.02385422496227012,1.5501409976625462,1.6436495595146452,0.09350856185209887,3,1000,100,monte_carlo
0.30000000000000004,Chat,0.8885760820104934,3.640407978107264,1.907985319154019,0.19079853191540191,0.5146109594563057,1.262541204564681,0.7479302451083755,4,1000,100,monte_carlo
0.35000000000000003,Computer,3.9801376860869286,7.898848254186244,2.8104889706572846,0.28104889706572844,3.4292818478381006,4.530993524335757,1.1017116764976556,1,1000,100,monte_carlo
0.35000000000000003,Coffee,2.520622948856547,0.6961412569765885,0.8343507997099232,0.08343507997099232,2.357090192113402,2.684155705599692,0.3270655134862899,2,1000,100,monte_carlo
0.35000000000000003,Home,1.7657781556986385,0.10478821118455235,0.3237100727264327,0.03237100727264327,1.7023309814442578,1.8292253299530192,0.1268943485087616,3,1000,100,monte_carlo
0.35000000000000003,Chat,1.1843583180071504,4.063256566527259,2.015752109394223,0.2015752109394223,0.7892709045658828,1.579445731448418,0.7901748268825354,4,1000,100,monte_carlo
0.4,Computer,3.919688769560497,7.2500513364860035,2.692591936496506,0.26925919364965056,3.3919407500071816,4.447436789113812,1.0554960391066301,1,1000,100,monte_carlo
0.4,Coffee,2.845812063414195,1.4643433644659916,1.2101005596503092,0.12101005596503092,2.6086323537227343,3.0829917731056553,0.4743594193829212,2,1000,100,monte_carlo
0.4,Home,2.012415806644463,0.20028399091534674,0.4475309943627891,0.044753099436278906,1.9246997317493564,2.1001318815395695,0.17543214979021332,3,1000,100,monte_carlo
0.4,Chat,1.3163572610222505,4.907115958598349,2.21520111019256,0.221520111019256,0.8821778434245087,1.7505366786199923,0.8683588351954835,4,1000,100,monte_carlo
0.45,Computer,4.467724736918466,8.492627431283916,2.9142112880304194,0.29142112880304194,3.896539324464504,5.038910149372429,1.1423708249079243,1,1000,100,monte_carlo
0.45,Coffee,3.202500734193987,2.5110932470504173,1.584642939923823,0.15846429399238232,2.891910717968918,3.5130907504190563,0.6211800324501386,2,1000,100,monte_carlo
0.45,Home,2.109451562691122,0.15176230145367892,0.38956681256708575,0.03895668125670858,2.0330964674279732,2.185806657954271,0.1527101905262976,3,1000,100,monte_carlo
0.45,Chat,1.3614731333848484,4.8461423923900595,2.201395555639663,0.2201395555639663,0.9299996044794745,1.7929466622902224,0.8629470578107479,4,1000,100,monte_carlo
0.5,Computer,4.873634434321112,10.982699488337547,3.3140156137739525,0.33140156137739524,4.224087374021417,5.5231814946208075,1.2990941205993893,1,1000,100,monte_carlo
0.5,Coffee,3.2578854840444675,2.520279255235807,1.5875387413338318,0.15875387413338318,2.9467278907430363,3.5690430773458988,0.6223151866028621,2,1000,100,monte_carlo
0.5,Home,2.4288279314817816,0.41503779103856037,0.6442342672029798,0.06442342672029798,2.3025580151099976,2.5550978478535655,0.25253983274356806,3,1000,100,monte_carlo
0.5,Chat,1.9732229769621603,5.353981630146824,2.3138672455754294,0.23138672455754294,1.519704996829376,2.4267409570949443,0.9070359602655683,4,1000,100,monte_carlo
0.55,Computer,4.765045512336046,11.187531333111744,3.34477672395509,0.334477672395509,4.1094692744408485,5.420621750231244,1.3111524757903954,1,1000,100,monte_carlo
0.55,Coffee,3.439027645790055,3.0354470336423254,1.7422534355375299,0.174225343553753,3.097545972424699,3.780509319155411,0.6829633467307117,2,1000,100,monte_carlo
0.55,Home,2.7725516679617335,0.704645795779404,0.8394318291436202,0.08394318291436202,2.608023029449584,2.937080306473883,0.3290572770242991,3,1000,100,monte_carlo
0.55,Chat,2.204422593002776,6.541280918044058,2.5575927975430446,0.25575927975430446,1.7031344046843393,2.7057107813212125,1.0025763766368734,4,1000,100,monte_carlo
0.6000000000000001,Computer,5.968466109974408,16.622838456380677,4.07711153347326,0.407711153347326,5.169352249413649,6.7675799705351665,1.598227721121518,1,1000,100,monte_carlo
0.6000000000000001,Coffee,3.958346360808495,3.6836244837688397,1.9192770732150268,0.1919277073215027,3.5821680544583496,4.33452466715864,0.7523566127002905,2,1000,100,monte_carlo
0.6000000000000001,Home,3.139337734187269,1.0736115897695082,1.0361523004701134,0.10361523004701134,2.9362518832951268,3.3424235850794113,0.40617170178428447,3,1000,100,monte_carlo
0.6000000000000001,Chat,2.1712382306702587,8.233120418934467,2.8693414608468033,0.2869341460846803,1.6088473043442852,2.733629156996232,1.1247818526519469,4,1000,100,monte_carlo
0.65,Computer,6.017176402527952,11.281873386612972,3.3588500095438873,0.3358850009543887,5.35884180065735,6.675511004398555,1.3166692037412038,1,1000,100,monte_carlo
0.65,Coffee,4.843524873754173,5.72753075282775,2.393226013737054,0.2393226013737054,4.374452575061711,5.312597172446636,0.9381445973849252,2,1000,100,monte_carlo
0.65,Home,3.689605495486865,1.7578595281481801,1.325842950031481,0.1325842950031481,3.4297402772806946,3.9494707136930356,0.5197304364123406,3,1000,100,monte_carlo
0.65,Chat,3.3989882598035144,8.358351757613267,2.8910814166351777,0.2891081416635178,2.8323363021430197,3.965640217464009,1.1333039153209896,4,1000,100,monte_carlo
0.7000000000000001,Computer,6.84985273519451,15.87996708684369,3.9849676393722056,0.39849676393722056,6.068799077877558,7.630906392511462,1.5621073146339046,1,1000,100,monte_carlo
0.7000000000000001,Coffee,5.031595905906436,5.252968020700265,2.291935431180439,0.2291935431180439,4.58237656139507,5.480815250417803,0.898438689022732,2,1000,100,monte_carlo
0.7000000000000001,Home,4.140460654809433,2.4912698434269194,1.5783756978067418,0.15783756978067418,3.831099018039312,4.4498222915795544,0.6187232735402427,3,1000,100,monte_carlo
0.7000000000000001,Chat,3.31752814522565,11.283284013641603,3.359059989586611,0.33590599895866113,2.659152387266674,3.975903903184626,1.3167515159179517,4,1000,100,monte_carlo
0.75,Computer,7.718396391245405,21.674873107649198,4.655628110969475,0.46556281109694747,6.805893281495388,8.630899500995422,1.825006219500034,1,1000,100,monte_carlo
0.75,Coffee,6.565911117925194,13.060616434636945,3.613947486424913,0.36139474864249127,5.857577410585911,7.274244825264477,1.4166674146785658,2,1000,100,monte_carlo
0.75,Home,5.291032741753902,3.837987610997171,1.9590782554551442,0.19590782554551442,4.907053403684694,5.6750120798231105,0.7679586761384165,3,1000,100,monte_carlo
0.75,Chat,4.463734617321245,15.18914116730312,3.8973248732050965,0.38973248732050964,3.6998589421730466,5.2276102924694445,1.5277513502963977,4,1000,100,monte_carlo
0.8,Computer,8.882114522152742,28.417521445245804,5.330808704619384,0.5330808704619384,7.837276016047342,9.926953028258142,2.0896770122107986,1,1000,100,monte_carlo
0.8,Coffee,7.334494566749071,12.818096736113432,3.580236966474905,0.3580236966474905,6.63276812131999,8.036221012178153,1.4034528908581627,2,1000,100,monte_carlo
0.8,Chat,6.805528904656536,15.323697878436844,3.914549511557728,0.3914549511557728,6.038277200391222,7.572780608921851,1.5345034085306293,3,1000,100,monte_carlo
0.8,Home,6.362116642633135,6.885081948703703,2.6239439682858516,0.2623943968285852,5.847823624849108,6.876409660417162,1.0285860355680538,4,1000,100,monte_carlo
0.8500000000000001,Computer,12.49071434548325,29.68549197163881,5.448439406989749,0.5448439406989749,11.422820221713259,13.55860846925324,2.1357882475399816,1,1000,100,monte_carlo
0.8500000000000001,Coffee,10.390528322850228,26.49766086853631,5.147587868947582,0.5147587868947582,9.381601100536502,11.399455545163955,2.017854444627452,2,1000,100,monte_carlo
0.8500000000000001,Home,9.091303460872423,9.42378738028736,3.0698187862294675,0.30698187862294674,8.489618978771448,9.692987942973398,1.2033689642019512,3,1000,100,monte_carlo
0.8500000000000001,Chat,8.828825098035782,27.257187695270044,5.220841665408945,0.5220841665408945,7.805540131615629,9.852110064455935,2.0465699328403066,4,1000,100,monte_carlo
0.9,Computer,16.315171254364927,38.151498429758945,6.176689925013149,0.6176689925013149,15.104540029062349,17.525802479667504,2.4212624506051545,1,1000,100,monte_carlo
0.9,Coffee,15.351790675336883,41.636032449238854,6.45259889108558,0.6452598891085579,14.08708129268411,16.616500057989658,2.529418765305547,2,1000,100,monte_carlo
0.9,Chat,14.463956299548611,44.805286899170476,6.693675141442888,0.6693675141442889,13.151995971825805,15.775916627271418,2.6239206554456125,3,1000,100,monte_carlo
0.9,Home,13.642894487846293,20.71115385421609,4.550950873632464,0.45509508736324644,12.75090811661433,14.534880859078257,1.783972742463926,4,1000,100,monte_carlo
0.9500000000000001,Computer,32.77878487746738,59.23665737703082,7.696535413874922,0.7696535413874922,31.270263936347895,34.287305818586866,3.0170418822389693,1,1000,100,monte_carlo
0.9500000000000001,Coffee,31.482182465316964,72.97021770156233,8.542260690330302,0.8542260690330302,29.807899370012223,33.156465560621704,3.3485661906094784,2,1000,100,monte_carlo
0.9500000000000001,Home,29.64592627994989,59.88729023947802,7.738687888749489,0.7738687888749489,28.129143453754992,31.16270910614479,3.0335656523898,3,1000,100,monte_carlo
0.9500000000000001,Chat,29.548014693678883,65.50969728449273,8.093806106183465,0.8093806106183464,27.961628696866924,31.134400690490843,3.172771993623918,4,1000,100,monte_carlo
1.0,Coffee,1517.3,7661.707070707071,87.53117770661532,8.753117770661532,1500.1438891695034,1534.4561108304965,34.31222166099321,1,1000,100,monte_carlo
1.0,Chat,1515.99,7782.757474747475,88.21993807948107,8.821993807948108,1498.6988921364218,1533.2811078635782,34.58221572715658,2,1000,100,monte_carlo
1.0,Computer,1510.62,7103.530909090909,84.28244721821329,8.42824472182133,1494.10064034523,1527.1393596547698,33.03871930953961,3,1000,100,monte_carlo
1.0,Home,1497.82,5908.229898989899,76.86501088915489,7.686501088915489,1482.7544578657255,1512.8855421342744,30.131084268548715,4,1000,100,monte_carlo
